Constituency,Youth_Electorate_Pct,Senior_Electorate_Pct,First_Time_Voter_Pct,Male_Pop,Female_Pop,Female_to_Male_Ratio,Female_Pop_Pct,Pucca_Pct,Semi_Pucca_Pct,Kancha_Pct,Jhupri_Pct,Extreme_Poverty_Pct,Wealth_Polarization_Index,Organized_Learning_Pct,Sanitation_Pct,Electricity_Pct,Clean_Fuel_Pct,NEET_Youth_Pct,Financial_Inclusion_Pct,Internet_Pct,Winning_Party,Winner_Name,Winner_Votes,RunnerUp_Votes,Voter_Turnout_Pct,Total_Valid_Votes,Total_Registered_Voters,YES_Pct,NO_Pct,Coalition,Winner_Vote_Share_Pct,Victory_Margin_Pct,Digital_Youth_Index,Urban_Proxy,WPI_Log,Infrastructure_Composite,Deprivation_Index
Kurigram-3,33.81,16.85,12.81,76478.0,79572.75,106.66,51.59,2.54,13.56,83.47,0.43,83.9,0.03,48.15,54.54,98.97,5.1,34.49,53.11,17.18,Bangladesh Jamaat-e-Islami,Md. Mahbubul Alam,105594.0,77963.0,61.77,222236.0,366368.0,,,JAMAAT_REFORM,47.514354110045176,12.43317914289314,580.8558,0.12954,0.0295588022415444,52.87,59.19500000000001
Narayanganj- 4,47.56,5.47,15.71,20239.0,18495.0,91.38,47.75,69.86,25.43,4.64,0.07,4.71,14.8,58.91,52.45,99.81,30.14,33.84,48.19,31.21,National Citizen Party,Abdullah Al Amin,106171.0,80619.0,49.61,259998.0,536086.0,80.34,19.66,JAMAAT_REFORM,40.835314117800905,9.827767905906969,1484.3476,21.055804,2.760009940032921,60.79999999999999,19.275000000000002
Natore-1,30.84,15.18,11.01,73533.0,75629.0,102.1,50.52,5.5,25.72,68.7,0.08,68.78,0.09,56.32,59.64,99.66,5.72,31.7,53.0,20.97,Bangladesh Nationalist Party,Farzana Sharmin,102726.0,90568.0,74.52,267353.0,365482.0,,,BNP_COALITION,38.423357882649526,4.547545754115346,646.7148,0.3146,0.08617769624105233,55.00666666666667,50.24
Pabna-2,33.71,16.31,12.93,76010.5,78598.0,105.48,51.33,8.4,7.77,83.72,0.11,83.83,0.1,48.95,53.79,99.69,3.02,36.15,52.13,24.26,Bangladesh Nationalist Party,A. K. M. Selim Reza Habib,215406.0,77242.0,61.94,297907.0,492471.0,,,BNP_COALITION,72.30645805570195,46.37823213284683,817.8046,0.25368,0.09531017980432487,52.166666666666664,59.989999999999995
Gaibandha-4,32.27,15.61,12.33,266536.0,276565.0,103.76,50.92,4.61,20.98,74.16,0.25,74.41,0.06,55.84,42.81,99.03,4.77,34.97,50.88,17.55,Bangladesh Nationalist Party,Mohammad Shamim Kaisar,72727.0,63379.0,62.94,285505.0,464871.0,,,BNP_COALITION,25.47310905238087,3.2741983502915883,566.3385000000001,0.21989699999999998,0.058268908123975775,48.870000000000005,54.69
Satkhira-4,34.13,16.23,13.14,24682.0,24764.33,110.47,52.42,10.61,12.47,75.89,1.03,76.92,0.16,62.07,68.36,99.69,2.96,40.12,55.9,25.4,Bangladesh Jamaat-e-Islami,G. M. Nazrul Islam,106913.0,85426.0,67.7,196772.0,295843.0,68.1,31.9,JAMAAT_REFORM,54.33344174984246,10.919744679121013,866.902,0.31405599999999995,0.14842000511827327,57.00333333333334,58.519999999999996
Dhaka-19,38.82,10.76,12.72,17969.0,17627.0,98.1,49.52,57.06,31.73,11.09,0.12,11.21,5.09,60.03,29.53,99.91,65.69,36.39,43.28,40.14,Bangladesh Nationalist Party,Dewan Mohammad Salauddin,101956.0,61269.0,45.45,331585.0,741552.0,,,BNP_COALITION,30.748073646274708,12.270458555121614,1558.2348,37.482714,1.8066480817218056,65.04333333333334,23.8
Chuadanga-2,34.86,12.72,12.13,67929.5,69335.25,102.8,50.69,41.5,18.03,40.16,0.3,40.46,1.2,48.11,59.04,99.55,9.63,37.56,42.49,25.26,Bangladesh Jamaat-e-Islami,Md. Ruhul Amin,208011.0,163877.0,78.22,374416.0,487203.0,75.6,24.4,JAMAAT_REFORM,55.55611939660699,11.787423614375454,880.5636000000001,3.9964500000000003,0.7884573603642702,56.07333333333333,39.010000000000005
Khulna-4,37.75,13.83,14.05,42562.5,42992.25,102.09,50.49,22.74,32.88,43.54,0.84,44.39,2.61,58.78,63.4,99.66,9.88,36.03,52.67,25.46,Bangladesh Nationalist Party,Rakibul Islam,74845.0,66010.0,66.64,243845.0,373879.0,67.5,32.5,BNP_COALITION,30.693678361254072,3.6232032643687586,961.115,2.246712,1.2837077723447896,57.64666666666667,40.21
Pabna-3,31.9,15.07,12.46,75491.5,77739.0,104.08,51.0,22.32,17.51,60.08,0.08,60.16,1.89,53.77,62.04,99.6,6.21,34.13,50.18,20.63,Bangladesh Jamaat-e-Islami,Mohammad Ali Asgar,147475.0,144206.0,70.17,332618.0,482796.0,,,JAMAAT_REFORM,44.33764859388247,0.9828091083465116,658.097,1.386072,1.0612565021243408,55.949999999999996,47.144999999999996
Kishoreganj-2,37.89,15.6,15.11,148265.5,168938.5,113.99,53.27,7.08,23.52,69.14,0.26,69.4,0.1,61.68,52.86,99.2,7.98,39.64,35.61,28.96,Bangladesh Nationalist Party,Advocate Md. Jalal Uddin,143669.0,120975.0,52.37,268412.0,525004.0,71.64,28.36,BNP_COALITION,53.5255502734602,8.454912597052292,1097.2944,0.564984,0.09531017980432487,53.346666666666664,54.52
Sirajganj-2,39.26,13.66,14.01,19451.0,20413.0,105.64,51.36,7.18,17.0,75.76,0.06,75.82,0.1,56.22,62.26,99.87,5.04,31.6,46.69,22.55,Bangladesh Nationalist Party,Md. Abdul Aziz,170551.0,135386.0,69.39,318050.0,466033.0,,,BNP_COALITION,53.62395849709165,11.056437667033485,885.313,0.36187199999999997,0.09531017980432487,55.72333333333333,53.709999999999994
Narail-2,34.11,16.62,12.46,59428.5,65106.0,101.47,50.28,18.88,10.24,70.32,0.55,70.88,0.27,46.4,69.23,99.66,6.32,37.33,49.75,26.64,Bangladesh Jamaat-e-Islami,Md. Ataur Rahman,118142.0,78457.0,64.58,245463.0,386162.0,63.03,36.97,JAMAAT_REFORM,48.130268105580065,16.167406085642234,908.6904,1.193216,0.23901690047049992,58.40333333333333,54.105
Sunamganj-2,40.22,14.76,15.52,62083.67,62915.0,100.42,50.1,4.25,11.69,83.74,0.32,84.06,0.05,58.53,63.61,99.64,9.1,32.01,50.36,22.61,Bangladesh Nationalist Party,Md. Nasir Chowdhury,99522.0,63220.0,54.68,162929.0,304327.0,,,BNP_COALITION,61.08304844441443,22.28087080875719,909.3742,0.38675,0.04879016416943201,57.449999999999996,58.035
Rajbari-1,35.41,15.23,13.08,277179.0,290501.33,105.66,51.37,9.29,16.22,74.19,0.3,74.49,0.13,53.09,59.55,99.3,5.58,36.02,48.39,26.64,Bangladesh Nationalist Party,Ali Newaz Mahmud Khaiyam,154541.0,101092.0,63.11,262860.0,425152.0,64.36,35.64,BNP_COALITION,58.79213269420984,20.33363767785133,943.3223999999999,0.5183819999999999,0.12221763272424921,54.81,55.254999999999995
Narail-1,34.65,15.79,12.98,108519.17,113795.83,103.96,50.96,14.76,24.82,59.82,0.6,60.41,0.25,52.39,63.78,99.19,6.9,36.49,47.75,27.48,Bangladesh Nationalist Party,Biswas Jahangir Alam,99975.0,75225.0,64.19,183326.0,291132.0,58.63,41.37,BNP_COALITION,54.53399954179985,13.500540021600866,952.182,1.01844,0.22314355131420976,56.623333333333335,48.45
Lalmonirhat-2,36.62,14.62,14.1,124832.0,126391.0,101.25,50.31,1.57,13.19,85.1,0.14,85.24,0.02,53.99,53.02,98.67,2.97,34.82,47.91,14.7,Bangladesh Nationalist Party,Md. Rokon Uddin Babul,123343.0,116236.0,64.47,271796.0,430343.0,,,BNP_COALITION,45.38072672151172,2.6148287686353,538.314,0.046629000000000004,0.019802627296179712,51.553333333333335,60.03
Netrokona-3,32.12,17.33,12.73,56268.25,59957.75,105.37,51.3,4.94,18.8,75.65,0.61,76.26,0.11,53.14,43.82,99.24,5.87,34.2,39.17,15.8,Bangladesh Nationalist Party,Rafiqul Islam Hilali,118469.0,68961.0,56.41,229723.0,416478.0,69.11,30.89,BNP_COALITION,51.57036953200158,21.55117249905321,507.496,0.289978,0.10436001532424277,49.64333333333334,55.230000000000004
Pirojpur-1,35.69,15.09,12.97,152743.5,159725.5,102.02,50.49,19.42,12.98,66.04,1.56,67.6,0.36,59.11,74.96,99.21,10.63,33.29,52.56,27.19,Bangladesh Jamaat-e-Islami,Masud Saeedi,132659.0,107105.0,62.36,236736.0,387987.0,,,JAMAAT_REFORM,56.03668221140848,10.794302514193026,970.4111,2.0643460000000005,0.3074846997479606,61.599999999999994,50.44499999999999
Kishoreganj-1,39.76,14.51,15.73,639001.33,686395.0,107.48,51.79,11.11,16.52,72.09,0.27,72.36,0.16,55.61,50.32,99.46,17.04,35.02,34.79,25.18,Bangladesh Nationalist Party,Mazharul Islam,124035.0,101132.0,49.35,262385.0,548732.0,69.23,30.77,BNP_COALITION,47.27213827009928,8.728776416334776,1001.1568,1.8931439999999997,0.14842000511827327,55.60666666666666,53.69
Bhola-1,39.83,14.95,14.65,582202.5,606433.5,104.2,51.03,10.6,12.91,76.1,0.4,76.49,0.14,55.48,66.67,98.82,7.99,38.8,45.39,22.9,Bangladesh Jatiya Party,Andaleeb Rahman,105543.0,63352.0,52.2,205671.0,402861.0,76.23,23.77,BNP_COALITION,51.31642283063728,20.513830340689744,912.1069999999999,0.84694,0.1310282624064041,57.826666666666675,57.644999999999996
Cumilla-4,42.14,11.2,16.48,86480.33,99931.0,114.97,53.48,45.17,14.53,39.85,0.45,40.3,3.32,50.49,63.93,99.61,5.96,38.96,44.74,29.95,National Citizen Party,Md. Abul Hasnat,166583.0,49885.0,54.19,213015.0,400454.0,81.31,18.69,JAMAAT_REFORM,78.20247400417811,54.78393540361007,1262.093,2.6921320000000004,1.463255402256019,56.5,39.629999999999995
Jashore-1,34.73,12.68,12.04,191112.0,196519.0,102.83,50.7,38.11,13.91,47.41,0.56,47.97,0.79,59.15,55.39,99.69,4.71,39.47,40.88,26.24,Bangladesh Jamaat-e-Islami,Mohammad Azizur Rahman,119093.0,93542.0,70.44,213480.0,308417.0,,,JAMAAT_REFORM,55.7864905377553,11.968802698145026,911.3151999999999,1.794981,0.5822156198526637,53.26333333333333,43.72
Manikganj-3,32.91,16.63,12.86,93375.0,99830.0,106.91,51.67,7.51,8.24,84.22,0.03,84.25,0.09,57.11,65.5,99.82,8.78,33.19,46.0,30.03,Bangladesh Nationalist Party,Afroza Khanam,167345.0,64242.0,67.79,263154.0,395852.0,78.49,21.51,BNP_COALITION,63.5920411622092,39.179719859853925,988.2873,0.6593779999999999,0.08617769624105233,58.03333333333333,58.72
Mymensingh-4,41.21,12.88,15.22,1133788.33,1165240.67,100.83,50.19,20.49,21.02,57.99,0.5,58.49,0.72,57.0,63.37,99.34,19.34,33.02,48.87,31.04,Bangladesh Nationalist Party,Md. Abu Wahab Akand Wahid,179668.0,171880.0,54.36,363664.0,688969.0,72.88,27.12,BNP_COALITION,49.404945224162965,2.141537243169519,1279.1584,3.962766,0.5423242908253616,60.68333333333334,45.755
Bhola-2,39.74,15.59,14.78,106901.5,116718.0,108.98,52.15,10.7,10.85,77.77,0.68,78.45,0.14,55.45,67.71,98.68,3.88,40.14,46.42,23.68,Bangladesh Nationalist Party,Md. Hafiz Ibrahim,119085.0,93703.0,55.84,212333.0,391281.0,73.92,26.08,BNP_COALITION,56.08407548520484,11.953864919725149,941.0432000000001,0.41516,0.1310282624064041,56.75666666666666,59.295
Dhaka-8,44.76,8.97,10.54,38157.0,26340.75,73.42,41.54,93.16,4.99,1.75,0.1,1.85,77.89,62.28,64.59,99.76,96.05,13.26,74.36,75.12,Bangladesh Nationalist Party,Mirza Abbas Uddin Ahmed,59366.0,54127.0,42.96,111975.0,266482.0,72.25,27.75,BNP_COALITION,53.01719133735209,4.678722929225273,3362.3712,89.48018,4.368054477106998,86.80000000000001,7.555
Barishal-4,38.27,16.01,14.14,75843.33,80655.0,106.16,51.48,10.9,15.51,73.06,0.53,73.59,0.18,56.24,66.55,99.12,5.62,38.64,42.13,21.07,Bangladesh Nationalist Party,Md. Rajib Ahsan,128322.0,74684.0,57.86,237213.0,417517.0,69.05,30.95,BNP_COALITION,54.095686155480514,22.611745562005456,806.3489000000001,0.61258,0.16551443847757338,57.09666666666667,56.115
Chattogram-16,44.68,11.39,17.86,268702.0,268853.0,100.06,50.01,15.02,10.17,68.84,5.98,74.82,0.2,51.85,39.27,98.66,15.42,33.78,39.62,33.45,Bangladesh Jamaat-e-Islami,Mohammad Jahirul Islam,93167.0,83105.0,58.57,232402.0,404559.0,60.51,39.49,JAMAAT_REFORM,40.08872557034793,4.329566871197322,1494.546,2.316084,0.18232155679395462,51.11666666666667,54.3
Mymensingh-9,37.15,16.41,14.79,202593.0,218684.0,107.94,51.91,3.97,11.52,84.08,0.43,84.51,0.05,58.29,63.97,99.59,13.88,35.2,48.3,30.14,Bangladesh Nationalist Party,Yaser Khan Chowdhury,85761.0,71168.0,51.52,191928.0,381273.0,74.9,25.1,BNP_COALITION,44.683943978992126,7.603372097870034,1119.701,0.5510360000000001,0.04879016416943201,59.14666666666667,59.855000000000004
Bhola-4,41.47,13.09,14.81,152516.0,151751.5,99.47,49.87,4.16,6.37,88.95,0.52,89.47,0.05,48.97,59.3,93.93,2.07,41.25,36.04,15.6,Bangladesh Nationalist Party,Mohammad Nurul Islam,189351.0,81437.0,60.36,294100.0,498239.0,63.55,36.45,BNP_COALITION,64.38320299217953,36.69296157769466,646.932,0.08611200000000001,0.04879016416943201,51.76666666666667,65.36
Jashore-6,32.93,14.3,11.87,140335.0,140589.0,100.18,50.05,22.86,27.45,49.16,0.52,49.68,0.46,57.91,62.28,99.63,3.27,37.19,43.24,20.92,Bangladesh Jamaat-e-Islami,Gazi Enamul Haque,132876.0,85045.0,77.88,173231.0,226423.0,62.12,37.88,JAMAAT_REFORM,76.70451593536953,27.611108866196005,688.8956000000001,0.747522,0.3784364357202451,55.06,43.435
Madaripur-2,38.42,14.37,14.33,196960.4,216692.6,109.09,52.17,25.29,16.52,58.01,0.17,58.19,0.56,59.72,74.57,99.85,19.09,36.29,50.47,40.33,Bangladesh Nationalist Party,Md. Jahandar Ali Mia,61744.0,46476.0,43.86,182938.0,431003.0,50.12,49.88,BNP_COALITION,33.75132558571757,8.345997004449595,1549.4786,4.8278609999999995,0.44468582126144574,64.50333333333333,47.239999999999995
Kushtia-1,46.77,8.8,16.48,742.0,605.0,81.54,44.91,53.57,12.7,32.54,1.19,33.73,1.59,63.04,39.92,90.57,8.51,33.12,40.21,20.14,Bangladesh Nationalist Party,Reza Ahmed,165909.0,86682.0,69.84,274142.0,400902.0,,,BNP_COALITION,60.51936587607882,28.899986138570522,941.9478000000001,4.558807,0.9516578757114464,46.333333333333336,33.425
Pabna-5,36.73,13.57,13.54,904751.0,905778.0,99.34,49.83,19.8,16.12,63.92,0.18,64.09,0.32,51.72,59.78,99.63,19.27,32.24,49.76,28.33,Bangladesh Nationalist Party,Md. Shamsur Rahman Shimul Biswas,181925.0,164994.0,67.83,349031.0,524173.0,,,BNP_COALITION,52.12287733754308,4.850858519730339,1040.5609,3.81546,0.2776317365982795,59.56,48.165000000000006
Faridpur-1,36.13,14.26,13.8,75299.75,79768.25,126.39,54.96,23.94,17.3,58.59,0.16,58.76,0.77,50.61,66.84,99.5,3.29,37.35,44.95,24.63,Bangladesh Jamaat-e-Islami,Md. Ilias Mollah,154145.0,126476.0,63.74,315975.0,505679.0,62.17,37.83,JAMAAT_REFORM,48.78392277870084,8.756705435556611,889.8819,0.787626,0.5709795465857378,56.54333333333333,48.055
Chattogram-3,41.06,13.88,15.44,156008.0,171545.0,109.96,52.37,9.85,10.77,78.87,0.51,79.38,0.12,48.87,76.25,97.85,8.49,41.51,35.69,38.98,Bangladesh Nationalist Party,Mostafa Kamal Pasha,73037.0,39662.0,45.99,114857.0,255700.0,65.59,34.41,BNP_COALITION,63.589506952123074,29.057871962527315,1600.5188,0.8362649999999999,0.11332868530700317,60.86333333333334,60.44499999999999
Madaripur-3,37.47,16.46,15.02,53762.33,60358.33,111.09,52.62,16.37,9.17,74.31,0.14,74.46,0.23,64.48,79.97,99.83,6.5,37.58,48.64,36.06,Bangladesh Nationalist Party,Anisur Rahman,96188.0,84646.0,51.67,192836.0,381687.0,61.28,38.72,BNP_COALITION,49.880727664958826,5.985396917588003,1351.1682,1.06405,0.20701416938432615,62.1,56.019999999999996
Habiganj-3,43.7,12.12,16.27,291733.8,309701.8,105.99,51.42,19.25,27.53,53.04,0.18,53.21,0.73,53.13,55.69,99.51,32.4,34.94,39.41,29.66,Bangladesh Nationalist Party,Alhaj Md. G. K. Gaus,142348.0,45568.0,50.99,206953.0,416322.0,60.8,39.2,BNP_COALITION,68.78276710170908,46.76424115620455,1296.142,6.236999999999999,0.5481214085096876,62.53333333333333,44.075
Mymensingh-8,38.27,15.65,15.31,198257.0,206341.0,104.08,51.0,4.09,11.39,84.13,0.38,84.51,0.05,56.39,63.98,99.58,16.96,31.85,48.16,29.59,Bangladesh Nationalist Party,Lutfullah-el-Mazed,107577.0,45791.0,55.71,187821.0,345746.0,71.54,28.46,BNP_COALITION,57.27634290095357,32.89621501323069,1132.4093,0.693664,0.04879016416943201,60.17333333333334,58.18000000000001
Narayanganj- 3,39.68,11.32,14.11,141849.5,134187.5,103.6,50.79,31.81,15.02,53.04,0.13,53.17,0.6,56.24,56.78,99.07,20.08,33.02,47.79,25.49,Bangladesh Nationalist Party,Azharul Islam Mannan,155400.0,134918.0,57.3,328578.0,586763.0,78.17,21.83,BNP_COALITION,47.29470627978745,6.233527503362976,1011.4431999999999,6.387447999999999,0.4700036292457356,58.64333333333334,43.095
Satkhira-3,36.87,13.67,13.24,56832.16,56918.47,99.98,49.87,26.91,18.39,53.67,1.04,54.7,2.68,58.28,59.15,99.23,8.05,36.63,50.91,27.14,Bangladesh Jamaat-e-Islami,Hafez Md. Rabiul Bashar,184233.0,105379.0,70.93,346879.0,497759.0,68.95,31.05,JAMAAT_REFORM,53.11160375808279,22.732422545037316,1000.6518,2.166255,1.3029127521808397,55.47666666666667,45.665000000000006
Naogaon-5,32.7,14.14,11.67,798399.0,817770.0,102.28,50.56,20.06,21.98,57.83,0.12,57.96,0.39,57.0,61.02,99.52,13.68,35.88,51.55,24.74,Bangladesh Nationalist Party,Md. Zahidul Islam Dhalu,129385.0,43367.0,67.88,238502.0,359360.0,75.72,24.28,BNP_COALITION,54.24902097257046,36.06594493966508,808.998,2.744208,0.3293037471426004,58.07333333333333,46.92
Chattogram-10,42.53,8.27,13.7,114526.5,105850.75,92.63,48.08,63.51,25.02,11.06,0.41,11.47,7.04,50.13,68.09,99.35,93.98,26.19,51.58,51.48,Bangladesh Nationalist Party,Saeed Al Noman,122978.0,76919.0,43.2,205131.0,486308.0,64.93,35.07,BNP_COALITION,59.95095816819496,22.45345657165421,2189.4444,59.686698,2.084429083190875,87.14,18.830000000000002
Cox's Bazar-1,46.57,9.57,18.52,146120.33,147219.67,99.91,49.97,22.16,16.13,54.9,6.81,61.71,0.47,53.81,62.29,99.55,16.09,32.92,48.56,25.89,Bangladesh Nationalist Party,Salahuddin Ahmed,222019.0,129728.0,66.97,349540.0,530855.0,61.12,38.88,BNP_COALITION,63.51748011672483,26.40355896320879,1205.6973,3.565544,0.3852624007906449,59.31,47.315
Habiganj-1,43.38,13.08,16.73,99544.0,105016.0,104.99,51.21,16.05,27.84,55.85,0.27,56.11,0.34,47.81,56.11,98.87,20.8,39.93,35.27,27.49,Bangladesh Nationalist Party,Reza Kibria,111999.0,56132.0,45.87,206663.0,462623.0,62.98,37.02,BNP_COALITION,54.19402602304234,27.032898970788192,1192.5162,3.3384000000000005,0.29266961396282,58.59333333333334,48.019999999999996
Tangail-1,32.63,16.1,12.42,129675.0,133563.5,103.87,50.94,5.65,11.15,82.98,0.22,83.2,0.07,57.98,61.49,99.57,6.02,36.35,44.44,22.96,Bangladesh Nationalist Party,Fakir Mahbub Anam,153932.0,94462.0,65.59,278612.0,433693.0,63.34,36.66,BNP_COALITION,55.249594418043735,21.345096406472084,749.1848000000001,0.34013,0.06765864847381481,55.693333333333335,59.775000000000006
Naogaon-2,30.98,14.48,10.64,111101.0,111345.0,100.16,50.04,9.84,11.3,78.66,0.2,78.86,0.12,60.06,52.82,99.57,4.31,37.86,50.04,17.71,Bangladesh Jamaat-e-Islami,Md. Enamul Haque,141526.0,134533.0,76.8,276991.0,370259.0,65.61,34.39,JAMAAT_REFORM,51.094078868988525,2.5246307641764534,548.6558,0.424104,0.11332868530700317,52.23333333333333,58.36
Nilphamari-4,38.11,12.71,13.99,120604.67,121344.0,100.54,50.13,12.37,41.1,46.2,0.33,46.53,0.67,65.13,57.83,99.46,25.85,32.31,51.28,24.64,Bangladesh Jamaat-e-Islami,Abdul Muntakim,126222.0,82086.0,65.72,287879.0,448646.0,,,JAMAAT_REFORM,43.8455045348914,15.331441334727439,939.0304,3.197645,0.5128236264286637,61.04666666666666,39.42
Chattogram-7,39.45,13.23,14.76,104899.67,112724.0,107.54,51.81,29.01,15.04,53.84,2.11,55.95,0.52,56.78,56.66,99.28,26.52,34.74,44.24,37.72,Bangladesh Nationalist Party,Humam Qader Chowdhury,101445.0,41719.0,55.99,171728.0,313164.0,59.06,40.94,BNP_COALITION,59.073069039411166,34.77941861548495,1488.054,7.693452,0.41871033485818504,60.82,45.345
Gazipur-4,37.08,14.01,13.64,92004.5,99606.5,107.11,51.72,9.9,44.42,45.64,0.04,45.68,0.23,69.44,67.13,99.82,5.26,34.66,42.9,36.96,Bangladesh Jamaat-e-Islami,Salah Uddin,101779.0,90390.0,61.39,195949.0,325552.0,68.74,31.26,JAMAAT_REFORM,51.941576634736585,5.8122266508122005,1370.4768,0.52074,0.20701416938432615,57.40333333333333,40.17
Magura-1,34.78,14.83,13.24,145691.83,149854.5,102.0,50.48,22.21,19.58,57.77,0.44,58.21,0.52,54.03,72.83,99.39,9.88,33.74,51.9,26.9,Bangladesh Nationalist Party,Md. Monowar Hossain,185338.0,89691.0,69.23,289039.0,425636.0,57.41,42.59,BNP_COALITION,64.12214268662706,33.091382131823046,935.582,2.194348,0.41871033485818504,60.699999999999996,45.975
Brahmanbaria-3,42.62,13.34,17.11,666336.0,758345.33,112.37,52.9,26.15,15.11,58.61,0.13,58.74,0.5,51.87,59.45,99.71,28.34,41.22,39.36,39.08,Bangladesh Nationalist Party,Md. Khaled Hossain Mahbub,209636.0,62547.0,47.11,281855.0,614904.0,67.72,32.28,BNP_COALITION,74.37725071401961,52.186053112415955,1665.5895999999998,7.41091,0.4054651081081644,62.5,49.980000000000004
Dinajpur-3,36.44,13.22,13.35,969993.5,962151.5,98.33,49.58,14.43,29.1,56.28,0.19,56.46,0.28,66.12,56.9,99.29,16.86,28.95,56.36,24.52,Bangladesh Nationalist Party,Syed Jahangir Alam,140608.0,136239.0,69.5,280512.0,411474.0,,,BNP_COALITION,50.12548482774355,1.5575091261692904,893.5088,2.432898,0.2468600779315258,57.68333333333334,42.705
Jamalpur-5,34.3,15.58,13.38,769242.5,814677.0,106.43,51.56,7.66,14.8,77.26,0.28,77.54,0.1,56.44,50.98,99.38,10.94,33.56,45.02,21.28,Bangladesh Nationalist Party,Shah Md. Waresh Ali Mamun,199344.0,113201.0,57.15,320407.0,572639.0,,,BNP_COALITION,62.21586919137222,26.885492514208494,729.904,0.838004,0.09531017980432487,53.76666666666666,55.550000000000004
Rajshahi-2,42.25,10.07,13.03,249149.0,246287.29,95.8,48.89,58.24,24.95,16.59,0.21,16.81,8.54,65.55,68.41,99.56,49.59,22.15,61.32,44.19,Bangladesh Nationalist Party,Md. Mizanur Rahman Minu,128546.0,100370.0,63.7,227761.0,364330.0,,,BNP_COALITION,56.438986481443266,12.37086243913576,1867.0275,28.881216000000006,2.255493485460195,72.52,19.479999999999997
Natore-4,32.31,14.72,12.17,133719.5,137903.0,103.05,50.75,4.84,23.43,71.64,0.1,71.74,0.07,57.74,59.48,98.92,5.57,36.06,46.19,19.9,Bangladesh Nationalist Party,Md. Abdul Aziz,170551.0,135386.0,71.69,310878.0,442292.0,,,BNP_COALITION,54.86107090241188,11.311511268085873,642.969,0.269588,0.06765864847381481,54.656666666666666,53.9
Sirajganj-1,33.98,14.89,13.76,352922.33,359196.67,100.21,50.04,4.06,7.17,88.75,0.03,88.77,0.05,56.61,61.19,99.57,10.82,30.71,48.18,21.53,Bangladesh Nationalist Party,Md. Abdul Aziz,170551.0,135386.0,60.75,227882.0,382928.0,,,BNP_COALITION,74.84180409159126,15.431231953379381,731.5894,0.43929199999999996,0.04879016416943201,57.19333333333333,59.739999999999995
Munshiganj-3,38.88,12.96,14.54,285573.75,299360.25,102.45,50.6,28.33,9.28,62.05,0.33,62.38,0.51,57.7,62.6,99.83,52.54,35.29,44.76,42.03,Bangladesh Nationalist Party,Md. Kamruzzaman,124691.0,88936.0,55.21,270243.0,500030.0,77.58,22.42,BNP_COALITION,46.140325558848886,13.230684976114091,1634.1264,14.884581999999998,0.412109650826833,71.65666666666667,48.835
Jamalpur-1,36.11,14.58,14.02,129071.0,134935.5,104.71,51.15,2.19,8.17,89.26,0.38,89.64,0.02,50.18,45.07,98.89,3.16,38.1,40.8,14.7,Bangladesh Nationalist Party,M. Rashiduzzaman Millat,172115.0,93661.0,64.99,274580.0,428873.0,80.92,19.08,BNP_COALITION,62.683006773982086,28.572365066647244,530.817,0.069204,0.019802627296179712,49.04,63.870000000000005
Rangpur-5,31.15,16.81,11.67,263978.0,274708.0,104.06,51.0,2.22,21.75,75.92,0.11,76.03,0.03,61.58,51.4,99.22,4.26,34.93,45.42,15.02,Bangladesh Jamaat-e-Islami,Md. Golam Rabbani,175208.0,114141.0,68.14,308813.0,464741.0,,,JAMAAT_REFORM,56.73595347346129,19.774750415299874,467.873,0.094572,0.0295588022415444,51.626666666666665,55.480000000000004
Habiganj-4,44.45,11.41,16.7,75732.4,80484.4,104.83,51.17,21.7,32.35,45.69,0.26,45.95,0.64,54.01,48.71,99.0,31.2,36.69,41.33,30.76,Bangladesh Nationalist Party,S. M. Faisal,188072.0,84323.0,55.98,299070.0,547747.0,53.82,46.18,BNP_COALITION,62.88561206406526,34.6905406760959,1367.2820000000002,6.7703999999999995,0.49469624183610705,59.63666666666666,41.32
Bagerhat-1,36.66,14.86,13.3,76639.67,75580.0,98.58,49.64,13.45,15.96,69.72,0.88,70.6,0.2,57.77,73.06,99.59,4.8,35.96,52.74,24.56,Bangladesh Jamaat-e-Islami,Md. Mashirur Rahman Khan,117527.0,114323.0,66.38,242390.0,371985.0,57.67,42.33,JAMAAT_REFORM,48.48673625149552,1.3218367094352077,900.3695999999999,0.6455999999999998,0.18232155679395462,59.150000000000006,53.28
Panchagarh-2,36.25,12.56,13.4,72382.5,73436.0,100.93,50.23,6.16,30.21,63.26,0.36,63.62,0.12,60.21,59.58,99.59,9.98,34.17,53.9,23.1,Bangladesh Nationalist Party,Farhad Hossain Azad,174650.0,128862.0,77.19,312811.0,414349.0,,,BNP_COALITION,55.832435560130556,14.637592667777028,837.375,0.6147680000000001,0.11332868530700317,56.38333333333333,48.894999999999996
Thakurgaon-3,34.24,13.48,13.41,53296.0,53619.0,100.47,50.12,7.01,35.92,56.76,0.31,57.07,0.17,59.95,58.82,99.16,7.88,31.82,51.84,18.43,Bangladesh Nationalist Party,Md. Zahidur Rahman,132797.0,91934.0,72.09,254517.0,361044.0,,,BNP_COALITION,52.176082540655436,16.055116161199447,631.0432000000001,0.552388,0.15700374880966475,55.28666666666666,44.445
Rangpur-1,36.74,13.44,13.91,363288.2,369955.0,100.44,50.11,8.03,19.61,72.11,0.24,72.36,0.12,58.05,58.46,99.18,10.36,33.81,47.15,18.45,Bangladesh Jamaat-e-Islami,Md. Raihan Siraji,145088.0,69407.0,60.71,220874.0,371968.0,,,JAMAAT_REFORM,65.68812988400626,34.26433170042649,677.8530000000001,0.831908,0.11332868530700317,56.0,53.085
Dhaka-2,45.87,7.0,13.64,537973.5,481774.75,89.49,47.22,63.0,25.92,10.79,0.28,11.07,7.31,47.56,54.84,99.82,86.17,29.75,50.09,44.79,Bangladesh Nationalist Party,Md. Amanullah Aman,163793.0,80053.0,60.59,247976.0,415340.0,,,BNP_COALITION,66.05195664096526,33.76939703842307,2054.5173,54.2871,2.1174596088673567,80.27666666666666,20.41
Tangail-6,32.42,16.75,12.34,85027.67,96461.0,111.24,52.65,7.28,6.34,86.32,0.06,86.37,0.09,56.47,64.66,99.47,4.22,36.83,49.32,28.1,Bangladesh Nationalist Party,Md. Rabiul Awal,150952.0,91914.0,60.4,273638.0,462341.0,72.31,27.69,BNP_COALITION,55.164852834767096,21.575219815961233,911.0020000000001,0.307216,0.08617769624105233,56.11666666666667,61.6
Cox's Bazar-3,47.96,8.8,18.59,806949.0,776914.0,94.49,48.58,13.35,19.05,60.84,6.76,67.6,0.2,54.88,58.54,99.52,14.8,35.35,47.65,26.46,Bangladesh Nationalist Party,Lutfur Rahman,182096.0,161827.0,65.22,343486.0,535046.0,71.76,28.24,BNP_COALITION,53.01409664440472,5.900968307296367,1269.0216,1.9758000000000002,0.18232155679395462,57.620000000000005,51.474999999999994
Kurigram-2,36.47,14.57,13.94,312240.2,321951.8,102.2,50.54,4.77,19.88,75.13,0.21,75.34,0.08,49.76,49.48,99.0,8.81,33.89,53.2,19.29,National Citizen Party,Atikur Rahman Mojahid,179786.0,169386.0,66.67,391038.0,600806.0,,,JAMAAT_REFORM,45.976605854162514,2.6595880707245843,703.5062999999999,0.42023699999999997,0.07696104113612832,52.43,54.615
Narsingdi-1,42.42,11.6,15.89,849860.0,868462.5,100.33,50.06,25.1,28.82,45.84,0.24,46.08,0.57,56.02,57.91,99.51,16.56,33.91,49.18,26.41,Bangladesh Nationalist Party,Khairul Kabir Khokon,161405.0,92930.0,58.36,270494.0,472691.0,,,BNP_COALITION,59.670454797518616,25.314794413184767,1120.3122,4.15656,0.4510756193602167,57.99333333333334,39.995
Jashore-4,32.9,14.87,12.25,65381.0,67220.0,103.38,50.8,25.55,30.32,43.41,0.72,44.14,0.6,60.52,64.86,99.71,5.68,35.67,45.48,26.99,Bangladesh Jamaat-e-Islami,Md. Golam Rasul,176912.0,131917.0,72.29,321960.0,453624.0,67.35,32.65,JAMAAT_REFORM,54.9484408000994,13.97533855137284,887.9709999999999,1.4512399999999999,0.4700036292457356,56.75,39.905
Feni-2,41.71,13.13,16.08,545705.0,595872.5,107.62,51.82,40.75,18.24,39.92,1.1,41.01,1.04,59.2,65.24,99.6,34.7,35.04,45.68,42.59,Bangladesh Nationalist Party,Zainal Abedin,131210.0,78447.0,51.87,213536.0,424331.0,65.67,34.33,BNP_COALITION,61.446313502172934,24.70918252659973,1776.4289,14.140250000000002,0.712949807856125,66.51333333333332,38.025
Narayanganj- 5,43.02,8.97,14.25,629711.0,589015.6,94.41,48.55,51.04,21.24,27.51,0.2,27.71,2.69,52.95,52.58,99.59,45.33,30.49,52.81,35.38,Bangladesh Nationalist Party,Abul Kalam,114799.0,101196.0,56.41,263466.0,480473.0,75.02,24.98,BNP_COALITION,43.57260519383905,5.16309504831743,1522.0476000000003,23.136432,1.3056264580524357,65.83333333333333,29.1
Sirajganj-3,33.58,14.25,11.84,92490.67,94329.0,100.1,50.02,7.7,16.86,75.41,0.03,75.44,0.12,56.0,49.18,99.62,3.59,36.02,45.83,20.91,Bangladesh Nationalist Party,Md. Ainul Haque,174430.0,116802.0,67.48,291961.0,441552.0,,,BNP_COALITION,59.744280914231695,19.7382527118348,702.1578,0.27643,0.11332868530700317,50.796666666666674,55.730000000000004
Thakurgaon-2,36.25,12.71,13.4,79723.75,78858.0,98.15,49.53,7.48,32.75,59.37,0.4,59.78,0.19,52.93,51.41,99.34,6.43,35.39,49.06,17.4,Bangladesh Nationalist Party,Md. Abdus Salam,121017.0,115707.0,73.03,240715.0,337273.0,,,BNP_COALITION,50.27397544814407,2.2059281723199637,630.75,0.480964,0.173953307123438,52.39333333333334,47.585
Dinajpur-4,36.01,14.01,13.62,130981.5,129659.0,98.91,49.73,3.84,23.32,72.09,0.76,72.84,0.05,64.46,55.4,99.31,3.22,31.32,55.26,16.69,Bangladesh Nationalist Party,Md. Akhtaruzzaman Mia,166717.0,129056.0,72.84,298034.0,417762.0,,,BNP_COALITION,55.93891972056879,12.63647771730742,601.0069,0.12364800000000001,0.04879016416943201,52.64333333333334,52.08
Rangpur-3,40.97,11.11,13.91,91122.86,83330.14,90.03,47.18,44.65,20.94,34.18,0.23,34.41,36.47,60.85,61.14,99.49,54.89,23.49,55.08,42.35,Bangladesh Jamaat-e-Islami,Md. Mahbubur Rahman (Belal),157403.0,74171.0,63.71,313919.0,502992.0,,,JAMAAT_REFORM,50.14127848266591,26.513845928408287,1735.0795,24.508384999999997,3.623540612805596,71.83999999999999,28.949999999999996
Brahmanbaria-4,42.33,13.6,16.96,121392.0,141810.5,116.44,53.8,27.66,14.76,57.56,0.03,57.59,0.48,56.9,67.65,99.71,13.06,39.86,46.22,44.06,Bangladesh Nationalist Party,Mushfiqur Rahman,139842.0,91796.0,54.26,231014.0,434611.0,67.81,32.19,BNP_COALITION,60.53399361077684,20.79787372193893,1865.0598,3.612396,0.3920420877760237,60.14000000000001,48.725
Dinajpur-5,34.32,14.6,12.73,148838.0,148757.5,100.07,50.02,9.06,26.94,63.78,0.22,64.0,0.14,67.6,57.38,99.3,8.02,34.08,52.8,18.8,Independent Candidate,AZM Rezwanul Haque,114484.0,110195.0,71.53,330053.0,473429.0,,,INDEPENDENT_OTHER,34.68655034191478,1.2994882640060839,645.216,0.7266119999999999,0.1310282624064041,54.900000000000006,49.04
Lalmonirhat-3,36.51,13.92,13.73,311188.0,311798.0,101.08,50.27,7.03,25.6,67.12,0.25,67.37,0.13,56.58,58.7,98.16,15.52,32.08,51.21,22.33,Bangladesh Nationalist Party,Asadul Habib Dulu,138691.0,56244.0,67.01,201051.0,305835.0,,,BNP_COALITION,68.98299436461396,41.00800294452651,815.2682999999998,1.091056,0.12221763272424921,57.46000000000001,49.725
Bagerhat-3,36.49,13.49,11.3,64195.67,61509.0,96.16,49.02,14.28,11.61,68.02,6.09,74.11,0.22,61.94,66.48,98.75,22.85,34.25,51.05,29.64,Bangladesh Nationalist Party,Sheikh Faridul Islam,102661.0,83550.0,72.74,189451.0,265320.0,59.58,40.42,BNP_COALITION,54.18868203387683,10.087568817266735,1081.5636000000002,3.26298,0.1988508587451652,62.693333333333335,54.18
Sherpur-2,34.53,16.66,13.12,77824.33,83190.33,106.75,51.63,1.85,11.62,86.14,0.39,86.53,0.02,56.62,58.94,99.44,5.78,37.34,42.63,16.75,Bangladesh Jamaat-e-Islami,Md. Golam Kibria,118472.0,108335.0,53.86,229774.0,435884.0,72.45,27.55,JAMAAT_REFORM,51.56022874650744,4.411726304977935,578.3775,0.10693000000000001,0.019802627296179712,54.72,61.935
Jamalpur-2,36.41,14.48,13.59,158481.0,161265.0,101.76,50.44,2.69,9.74,86.96,0.6,87.56,0.03,48.17,46.81,98.7,3.3,37.56,38.02,16.96,Bangladesh Nationalist Party,A. I. Sultan Mahmud Babu,95860.0,62434.0,57.59,158900.0,280142.0,74.77,25.23,BNP_COALITION,60.32724984266834,21.035871617369413,617.5136,0.08876999999999999,0.0295588022415444,49.60333333333333,62.56
Sylhet-3,45.37,9.76,16.55,54306.25,55733.5,96.28,48.86,34.43,41.36,23.9,0.31,24.2,2.14,50.34,62.41,99.54,50.71,30.78,40.83,39.03,Bangladesh Nationalist Party,Mohammad Abdul Malik,114255.0,76614.0,48.98,196259.0,409873.0,,,BNP_COALITION,58.216438481802115,19.179247830672733,1770.7911,17.459453,1.144222799920162,70.88666666666667,27.490000000000002
Cumilla-7,40.85,10.68,15.8,71763.67,82103.33,110.48,52.48,44.95,11.49,43.09,0.46,43.55,2.92,53.75,65.39,99.06,14.01,37.8,42.19,31.95,Independent Candidate,Atikul Alam,91690.0,48509.0,56.35,177680.0,323444.0,71.47,28.53,INDEPENDENT_OTHER,51.604007203962176,24.30267897343539,1305.1575,6.2974950000000005,1.366091653802371,59.48666666666666,40.675
Dhaka-18,42.42,7.92,13.09,92276.29,77566.0,82.16,45.05,72.48,20.53,6.78,0.2,6.99,55.93,55.8,66.01,99.77,93.04,21.52,62.65,60.6,Bangladesh Nationalist Party,S. M. Jahangir Hossain,144715.0,111297.0,44.51,265383.0,605449.0,76.5,23.5,BNP_COALITION,54.53062178059634,12.59236650425988,2570.652,67.43539200000001,4.0418224429629905,86.27333333333333,14.254999999999999
Madaripur-1,37.54,13.94,13.91,94327.0,100474.5,106.34,51.54,26.7,11.93,61.14,0.23,61.37,0.52,56.1,80.31,99.9,19.92,35.67,47.56,38.57,Bangladesh Khelafat Majlish,Said Uddin Ahmad Hanzala,64909.0,64524.0,56.32,177127.0,320859.0,60.64,39.36,JAMAAT_REFORM,36.64545777888182,0.2173581667391194,1447.9178,5.31864,0.41871033485818504,66.71,48.519999999999996
Magura-2,35.81,14.65,13.38,55267.0,56731.5,103.37,50.83,17.86,20.33,61.56,0.25,61.81,0.37,54.47,77.58,99.57,2.87,37.54,52.45,25.09,Bangladesh Nationalist Party,Nitai Roy Chowdhury,147896.0,117018.0,69.0,280721.0,411555.0,60.24,39.76,BNP_COALITION,52.68433783008752,10.999533344495067,898.4729000000001,0.512582,0.31481073984003355,60.00666666666666,49.675
Faridpur-2,38.03,15.05,14.36,73913.5,78866.25,108.38,51.99,6.87,14.3,78.55,0.28,78.83,0.09,45.6,77.48,99.7,1.64,41.82,42.22,28.28,Bangladesh Nationalist Party,Shama Obayed Islam,121694.0,89305.0,65.91,212735.0,328490.0,64.68,35.32,BNP_COALITION,57.204503255223635,15.225045244083013,1075.4884000000002,0.112668,0.08617769624105233,59.60666666666666,60.325
Nilphamari-3,38.24,12.62,14.55,109083.0,111331.5,102.45,50.6,2.52,20.56,76.79,0.13,76.92,0.03,70.88,56.16,99.18,7.39,34.17,55.94,16.07,Bangladesh Jamaat-e-Islami,Obaidullah Salafi,109686.0,89807.0,70.45,202009.0,292070.0,,,JAMAAT_REFORM,54.29758080085541,9.840650664079323,614.5168,0.18622799999999998,0.0295588022415444,54.24333333333333,55.545
Feni-1,39.91,15.51,15.33,69307.67,79685.33,115.27,53.55,31.02,15.08,53.04,0.86,53.9,0.59,58.52,70.88,99.75,14.05,38.3,44.38,38.25,Bangladesh Nationalist Party,Munshi Rafiqul Alam,119904.0,85615.0,55.94,204633.0,374428.0,69.77,30.23,BNP_COALITION,58.594654821069916,16.756339397848834,1526.5575,4.35831,0.46373401623214017,61.56,46.099999999999994
Jamalpur-4,32.64,16.63,12.95,165760.0,177401.0,107.02,51.7,6.48,11.13,82.27,0.13,82.4,0.08,56.67,48.08,99.16,7.21,31.9,47.86,20.48,Bangladesh Nationalist Party,Md. Faridul Kabir Talukdar,147406.0,44947.0,65.15,194048.0,302556.0,72.07,27.93,BNP_COALITION,75.96367908970977,52.800853397097626,668.4672,0.46720800000000007,0.07696104113612832,51.48333333333334,57.150000000000006
Meherpur-1,32.41,14.91,12.33,175235.67,187421.0,106.49,51.57,45.52,12.44,41.64,0.41,42.05,1.09,60.55,61.89,99.69,5.72,37.05,43.16,31.51,Bangladesh Jamaat-e-Islami,Md. Tajuddin Khan,123271.0,105441.0,74.39,228419.0,313455.0,,,JAMAAT_REFORM,53.96705177765422,7.805830513223507,1021.2390999999999,2.603744,0.7371640659767197,55.76666666666666,39.55
Pirojpur-3,33.73,15.2,13.13,47996.33,53128.67,104.58,51.09,27.76,11.44,60.49,0.31,60.8,0.61,61.03,72.4,99.6,21.5,35.52,55.06,33.56,Bangladesh Nationalist Party,Md. Ruhul Amin Dulal,63791.0,36616.0,57.78,134683.0,237744.0,66.07,33.93,BNP_COALITION,47.36380983494576,20.177008234149817,1131.9787999999999,5.9684,0.4762341789963716,64.5,48.16
Rangpur-4,33.61,15.88,12.96,137197.0,145947.0,106.3,51.53,2.4,18.7,78.85,0.04,78.9,0.03,54.6,53.61,99.14,3.96,34.64,48.64,16.69,National Citizen Party,Akhtar Hossain,147947.0,139616.0,66.23,326770.0,505258.0,,,JAMAAT_REFORM,45.27557609327661,2.5494996480705083,560.9509,0.09504,0.0295588022415444,52.23666666666667,56.77
Chattogram-5,45.03,11.15,15.77,242383.0,255796.0,105.53,51.35,47.81,20.57,30.87,0.74,31.61,1.51,67.18,64.98,99.5,53.58,29.93,44.21,43.2,Bangladesh Nationalist Party,Mohammad Aslam Chowdhury,143552.0,91404.0,43.18,208888.0,495145.0,58.4,41.6,BNP_COALITION,68.72199456167898,24.964574317337522,1945.2960000000003,25.616598,0.9202827531436926,72.68666666666667,30.77
Dhaka-10,41.23,10.44,11.16,60398.0,50621.75,82.46,45.13,94.16,4.05,1.69,0.1,1.79,127.28,60.53,72.6,99.81,97.46,18.96,70.85,70.78,Bangladesh Nationalist Party,Sheikh Rabiul Alam,79035.0,74773.0,43.03,161920.0,382208.0,,,BNP_COALITION,48.81114130434783,2.6321640316205532,2918.2594,91.768336,4.854215374824954,89.95666666666666,10.375
Barishal-5,39.21,13.45,14.1,529016.33,546667.0,100.74,50.17,30.0,13.96,55.18,0.87,56.05,0.88,61.61,67.25,99.7,28.04,32.08,52.32,30.35,Bangladesh Nationalist Party,Md. Mojibur Rahman Sarwar,135146.0,95044.0,52.07,249815.0,494534.0,71.8,28.2,BNP_COALITION,54.098432840301825,16.05267898244701,1190.0235,8.411999999999999,0.6312717768418579,64.99666666666666,44.065
Brahmanbaria-5,41.51,14.92,17.15,251011.0,304796.0,121.43,54.84,16.23,11.48,72.26,0.03,72.29,0.22,42.33,61.81,99.52,11.04,43.65,40.96,39.94,Bangladesh Nationalist Party,Md. Abdul Mannan,85769.0,84708.0,54.58,248330.0,466759.0,74.3,25.7,BNP_COALITION,34.538315950549666,0.42725405710143766,1657.9093999999998,1.7917919999999998,0.1988508587451652,57.456666666666656,57.97
Narsingdi-5,41.69,14.4,16.97,288673.0,321888.0,111.51,52.72,14.23,14.46,71.1,0.21,71.31,0.2,54.73,63.77,99.49,23.76,34.81,45.52,34.67,Bangladesh Nationalist Party,Md. Ashraf Uddin,137690.0,44981.0,50.92,243450.0,487713.0,,,BNP_COALITION,56.55781474635448,38.081330868761555,1445.3923,3.3810480000000003,0.18232155679395462,62.339999999999996,53.06
Patuakhali- 3,34.68,16.15,13.13,105049.5,110259.0,106.26,51.51,5.93,5.14,88.44,0.5,88.94,0.07,53.12,75.47,99.49,2.61,37.21,47.99,15.84,Gono Odhikar Parishad,Md. Nurul Haque,97323.0,81361.0,63.19,232143.0,373402.0,63.14,36.86,BNP_COALITION,41.92372804693659,6.87593423019432,549.3312,0.15477299999999997,0.06765864847381481,59.19,63.075
Naogaon-4,30.4,15.37,10.41,185272.0,195299.0,105.41,51.32,7.96,22.13,69.81,0.11,69.92,0.11,58.7,52.72,99.3,2.63,39.6,49.78,17.02,Bangladesh Nationalist Party,Ikramul Bari Tipu,133924.0,97585.0,72.39,234610.0,331418.0,67.69,32.31,BNP_COALITION,57.08367077277183,15.48910958612165,517.408,0.20934799999999998,0.10436001532424277,51.54999999999999,54.760000000000005
Netrokona-4,36.72,15.46,14.2,51737.75,52571.25,99.58,49.88,3.71,10.95,84.7,0.64,85.34,0.04,44.63,37.33,98.64,7.88,36.73,42.09,15.42,Bangladesh Nationalist Party,Md. Lutfuzzaman Babar,160224.0,39840.0,56.37,204095.0,372308.0,44.58,55.42,BNP_COALITION,78.50461794752444,58.984296528577374,566.2224,0.292348,0.039220713153281295,47.949999999999996,61.035
Pabna-4,33.77,14.88,12.42,44292.5,45202.0,106.66,51.59,14.32,18.82,66.7,0.14,66.85,0.22,59.97,62.67,99.73,4.16,35.61,47.4,23.26,Bangladesh Nationalist Party,M. A. Muhit,171508.0,103884.0,70.47,301709.0,437143.0,,,BNP_COALITION,56.84550344868731,22.413650239137713,785.4902000000001,0.595712,0.1988508587451652,55.52,51.23
Gopalganj-3,38.68,13.74,14.83,48029.5,49319.5,102.24,50.55,18.97,10.17,70.65,0.21,70.86,0.3,61.49,83.92,99.74,13.23,34.13,53.61,32.12,Bangladesh Nationalist Party,S. M. Zilani,60991.0,34339.0,44.01,130906.0,306294.0,26.4,73.6,BNP_COALITION,46.591447298061205,20.359647380563153,1242.4016,2.509731,0.26236426446749106,65.63,52.495000000000005
Gazipur-1,49.38,5.15,12.68,622111.83,570692.67,89.73,47.27,30.1,44.33,25.48,0.08,25.57,1.4,48.28,40.98,99.87,76.04,24.53,61.87,41.51,Bangladesh Nationalist Party,Md. Mujibur Rahman,208688.0,149553.0,52.92,371557.0,716484.0,74.62,25.38,BNP_COALITION,56.165810360186995,15.915458462631573,2049.7638,22.88804,0.8754687373538999,72.29666666666667,25.05
Bandarban,41.89,11.01,15.2,483.93,459.9,99.09,49.15,3.68,8.6,87.03,0.69,87.72,37.34,58.63,26.71,89.49,9.45,29.97,36.41,18.26,Bangladesh Nationalist Party,Saching Pru,141455.0,26162.0,57.05,171352.0,310729.0,44.2,55.8,BNP_COALITION,82.55229002287689,67.28430365563285,764.9114000000001,0.34775999999999996,3.6464937376174986,41.88333333333333,58.845
Dhaka-15,45.57,7.48,11.86,171126.33,147004.0,79.63,44.2,86.7,9.3,3.96,0.04,4.0,39.49,53.53,60.68,99.82,96.32,20.78,64.81,63.33,Bangladesh Jamaat-e-Islami,Md. Shafiqul Rahman,85131.0,63517.0,43.48,147593.0,344308.0,80.32,19.68,JAMAAT_REFORM,57.679564749005706,14.644325950417702,2885.9481,83.50944,3.7010550300440697,85.60666666666667,12.39
Mymensingh-1,37.65,16.07,14.24,130147.5,136849.5,105.2,51.27,1.94,10.09,86.82,1.16,87.98,0.02,56.12,53.29,98.99,4.5,36.07,44.91,18.25,Independent Candidate,Mohammad Salman Omar,108265.0,101926.0,56.33,264673.0,480238.0,71.81,28.19,INDEPENDENT_OTHER,40.90519244501706,2.395030849387735,687.1125,0.0873,0.019802627296179712,52.26,62.025000000000006
Rajshahi-5,31.93,13.64,11.23,58795.0,59335.5,101.39,50.34,15.77,25.65,58.48,0.1,58.58,0.31,65.71,65.61,99.72,8.28,33.58,48.93,24.08,Bangladesh Nationalist Party,Professor Nazrul Islam,153425.0,73445.0,68.99,236050.0,350212.0,,,BNP_COALITION,64.9968227070536,33.8826519805126,768.8743999999999,1.3057559999999997,0.27002713721306015,57.87,46.08
Tangail-7,35.18,14.8,12.7,226919.0,247715.0,109.16,52.19,11.64,14.29,73.93,0.15,74.08,0.16,55.72,65.0,99.77,16.87,34.27,45.99,34.56,Bangladesh Nationalist Party,Abul Kalam Azad Siddiqui,141253.0,71040.0,58.86,213785.0,370827.0,75.63,24.37,BNP_COALITION,66.07245597212153,32.8428093645485,1215.8208,1.9636680000000002,0.14842000511827327,60.54666666666666,54.175
Dhaka-1,37.22,14.65,15.85,60823.8,70323.0,105.41,50.29,36.53,11.41,51.76,0.3,52.06,2.24,55.72,70.01,99.8,11.33,41.46,46.76,48.87,Bangladesh Nationalist Party,Khandaker Abu Ashfaq,173781.0,112622.0,55.88,294287.0,536613.0,,,BNP_COALITION,59.051538124348,20.782093670464548,1818.9414,4.1388490000000004,1.1755733298042381,60.38,46.760000000000005
Bagerhat-2,33.58,15.25,11.88,26741.5,27895.0,100.17,50.02,6.16,13.76,78.04,2.02,80.06,0.08,61.77,75.54,99.16,2.99,36.85,52.71,19.86,Bangladesh Jamaat-e-Islami,Md. Mashirur Rahman Khan,117527.0,114323.0,71.32,235071.0,334884.0,69.85,30.15,JAMAAT_REFORM,49.99638407119551,1.3629924575979173,666.8987999999999,0.18418400000000001,0.07696104113612832,59.23,58.455
Sylhet-6,43.32,10.9,16.08,93984.67,103439.0,102.32,50.42,31.78,43.62,24.22,0.38,24.6,5.26,57.22,68.28,99.33,22.87,34.32,33.06,35.58,Bangladesh Nationalist Party,Emran Ahmed Chowdhury,108612.0,1343.0,47.61,232519.0,499601.0,,,BNP_COALITION,46.71102146491254,46.13343425698545,1541.3256,7.268086,1.8341801851120072,63.49333333333334,29.46
Gopalganj-1,37.36,14.46,13.79,90171.67,97971.67,107.74,51.86,15.69,20.44,63.48,0.39,63.87,0.28,45.64,74.38,99.89,9.48,35.42,51.5,27.88,Bangladesh Nationalist Party,Md. Selimuzzaman Mollya,69462.0,54329.0,49.54,189577.0,395664.0,29.9,70.1,BNP_COALITION,36.640520738275214,7.982508426655133,1041.5968,1.487412,0.2468600779315258,61.24999999999999,49.644999999999996
Rangamati,37.42,12.13,13.28,711.68,671.66,96.12,48.61,3.53,9.02,86.94,0.51,87.45,27.09,63.55,41.35,90.66,8.33,33.46,40.6,20.31,Bangladesh Nationalist Party,Dipen Dewan,201544.0,31222.0,53.58,260598.0,503907.0,28.51,71.49,BNP_COALITION,77.33904327738509,65.35813782147216,760.0002,0.294049,3.335413641116152,46.78,60.455
Jhenaidah-1,33.93,15.88,12.14,202102.0,204633.0,101.25,50.31,12.59,16.5,70.48,0.43,70.91,0.18,49.2,63.97,99.72,3.5,30.31,52.34,25.29,Bangladesh Nationalist Party,Md. Asaduzzaman,173381.0,57055.0,72.95,229534.0,321214.0,44.43,55.57,BNP_COALITION,75.53608615717062,50.67920220969443,858.0897,0.44065,0.16551443847757338,55.73,50.61
Cumilla-2,41.3,13.78,15.86,54767.25,64744.0,111.85,52.72,21.07,10.87,67.64,0.42,68.06,0.32,56.75,67.75,99.52,7.46,35.37,46.79,25.11,Bangladesh Nationalist Party,Md. Selim Bhuiyan,77037.0,63045.0,54.72,196576.0,367775.0,,,BNP_COALITION,39.1894229203972,7.117857724238971,1037.043,1.571822,0.2776317365982795,58.24333333333333,51.715
Cumilla-11,41.76,13.55,15.51,125184.0,148882.5,115.87,53.66,35.93,16.5,47.2,0.38,47.57,0.78,56.65,59.39,99.49,12.64,38.49,44.37,32.87,Bangladesh Jamaat-e-Islami,Syed Abdullah Mohammad Taher,133308.0,76638.0,55.38,213894.0,396390.0,78.83,21.17,JAMAAT_REFORM,62.32432887318017,26.494431821369464,1372.6511999999998,4.541552,0.5766133643039938,57.173333333333325,43.03
Natore-2,32.85,14.33,11.94,387342.0,395371.33,102.4,50.59,9.59,26.37,63.96,0.09,64.04,0.16,55.97,58.29,99.62,9.11,35.38,49.08,22.95,Bangladesh Nationalist Party,M. Ruhul Quddus Talukder Dulu,162841.0,130066.0,75.05,296955.0,403550.0,,,BNP_COALITION,54.83692815409742,11.037025811991716,753.9075,0.8736489999999999,0.14842000511827327,55.673333333333325,49.71000000000001
Patuakhali- 1,35.46,16.06,13.27,279230.75,293510.5,106.7,51.62,13.06,8.14,78.08,0.72,78.8,0.17,59.68,72.68,99.32,7.2,31.11,49.29,23.12,Bangladesh Nationalist Party,Altaf Hossain Chowdhury,152087.0,58161.0,52.08,255906.0,501081.0,63.17,36.83,BNP_COALITION,59.430806624307365,36.703320750588105,819.8352000000001,0.9403200000000002,0.15700374880966475,59.73333333333333,54.955
Tangail-8,33.05,16.34,12.4,120611.5,135000.0,111.25,52.66,5.87,6.14,87.94,0.06,87.99,0.07,61.26,68.28,99.4,6.93,38.7,46.79,39.97,Bangladesh Nationalist Party,Ahmed Azam Khan,114217.0,77130.0,60.69,244697.0,409308.0,68.09,31.91,BNP_COALITION,46.67691062824636,15.15629533668169,1321.0085,0.40679099999999996,0.06765864847381481,58.20333333333334,63.345
Jashore-3,36.02,13.24,12.72,650760.0,656663.0,100.83,50.2,33.14,23.43,43.09,0.34,43.43,0.8,58.92,65.28,99.72,17.39,33.06,49.87,32.28,Bangladesh Nationalist Party,Anindya Islam Amit,201339.0,187463.0,67.69,403186.0,606630.0,75.68,24.32,BNP_COALITION,49.937001780815805,3.4415877535430295,1162.7256000000002,5.763046,0.5877866649021191,60.79666666666666,38.245000000000005
Mymensingh-2,34.82,19.33,13.36,83378.5,85838.0,111.31,52.6,1.84,15.7,81.66,0.81,82.47,0.02,51.48,42.87,99.24,8.05,38.59,41.2,18.69,Bangladesh Khelafat Majlish,Mohammadullah,146202.0,118438.0,56.68,316307.0,571433.0,75.94,24.06,JAMAAT_REFORM,46.22155058218756,8.77754839443958,650.7858,0.14812,0.019802627296179712,50.053333333333335,60.53
Chuadanga-1,34.23,13.41,12.5,146603.29,151631.86,104.1,51.0,41.07,13.35,45.37,0.21,45.58,1.26,46.6,64.76,99.58,15.99,33.91,48.35,29.9,Bangladesh Jamaat-e-Islami,Md. Masud Parvez,211041.0,153193.0,74.49,370715.0,506333.0,76.16,23.84,JAMAAT_REFORM,56.92809840443467,15.604440068516245,1023.4769999999999,6.567093,0.8153648132841945,60.11000000000001,39.745
Cumilla-10,41.53,14.41,15.89,102696.0,122736.0,115.68,53.6,22.7,12.51,63.63,1.16,64.79,0.35,54.96,55.77,98.6,5.29,38.02,45.27,24.41,Bangladesh Nationalist Party,Md. Mobasher Alam Bhuiyan,163667.0,123733.0,56.69,287110.0,522289.0,65.24,34.76,BNP_COALITION,57.00498066942984,13.90895475601686,1013.7473,1.20083,0.30010459245033805,53.22,51.405
Jhenaidah-2,34.23,13.79,12.05,229873.17,232910.5,102.89,50.69,25.52,21.06,53.13,0.3,53.43,0.54,51.85,63.5,99.76,7.81,33.66,51.55,30.54,Bangladesh Jamaat-e-Islami,Ali Azam Md. Abu Bakar,195702.0,175984.0,75.95,372996.0,499498.0,68.82,31.18,JAMAAT_REFORM,52.46758678377248,5.286383768190544,1045.3842,1.9931119999999998,0.43178241642553783,57.02333333333333,43.545
Patuakhali- 2,32.8,15.67,12.25,77547.0,86448.0,109.27,52.21,25.58,21.34,53.04,0.04,53.08,0.88,54.53,75.45,99.59,2.63,34.01,49.72,18.67,Bangladesh Jamaat-e-Islami,Md. Shafiqul Islam,100750.0,72676.0,60.87,186719.0,312783.0,64.96,35.04,JAMAAT_REFORM,53.958086750678824,15.035427567628362,612.376,0.6727539999999999,0.6312717768418579,59.223333333333336,43.545
Gaibandha-1,35.23,12.31,12.69,117152.0,124958.5,99.31,49.76,11.43,33.88,54.6,0.09,54.69,0.41,50.28,50.76,98.68,2.33,36.29,52.23,15.51,Bangladesh Jamaat-e-Islami,Md. Majedur Rahman,114595.0,28771.0,59.37,240833.0,415903.0,,,JAMAAT_REFORM,47.582764820435735,35.636312299394184,546.4173,0.26631900000000003,0.3435897043900769,50.59,45.489999999999995
Dinajpur-2,35.41,12.68,12.72,75841.0,75900.33,102.36,50.57,17.68,30.25,51.95,0.13,52.07,0.81,68.31,52.13,99.15,4.35,32.92,55.66,17.52,Bangladesh Nationalist Party,Md. Sadik Riyaz,139622.0,104887.0,74.83,269107.0,368137.0,,,BNP_COALITION,51.88345156387608,12.90750519310163,620.3831999999999,0.7690799999999999,0.5933268452777344,51.876666666666665,42.495000000000005
Rajbari-2,34.36,15.94,12.77,110903.0,114578.67,103.4,50.83,8.12,14.36,77.08,0.44,77.52,0.1,47.95,60.88,99.35,3.18,35.93,45.28,23.55,Bangladesh Nationalist Party,Md. Harun-or-Rashid,237254.0,67299.0,64.83,348718.0,551607.0,64.4,35.6,BNP_COALITION,68.0360635241083,48.73708842101641,809.178,0.258216,0.09531017980432487,54.47,56.724999999999994
Rangpur-2,35.63,14.17,13.9,117760.5,120104.0,101.6,50.39,2.92,22.56,74.28,0.24,74.53,0.04,59.89,46.83,99.12,3.97,34.72,46.96,13.8,Bangladesh Jamaat-e-Islami,A. T. M. Azharul Islam,139680.0,79910.0,68.59,253874.0,377802.0,,,JAMAAT_REFORM,55.019419081906776,23.54317496080733,491.6940000000001,0.115924,0.039220713153281295,49.97333333333333,54.625
Sirajganj-5,39.58,13.17,14.8,135756.0,133847.0,98.92,49.73,3.22,6.45,90.15,0.18,90.33,0.04,48.09,52.18,98.22,4.96,32.82,41.62,19.17,Bangladesh Nationalist Party,Md. Amirul Islam Khan,134989.0,47876.0,59.52,246828.0,422672.0,,,BNP_COALITION,54.689500380832,35.29299755295185,758.7486,0.15971200000000002,0.039220713153281295,51.78666666666667,61.575
Sirajganj-6,36.54,13.84,13.98,301122.0,300491.0,99.79,49.95,7.31,8.2,84.39,0.1,84.49,0.09,39.44,45.59,99.41,10.25,32.86,41.0,19.82,Bangladesh Nationalist Party,Md. Amirul Islam Khan,134989.0,47876.0,59.34,279901.0,480905.0,69.3,30.7,BNP_COALITION,48.22740897674535,31.12278984355183,724.2228,0.7492749999999999,0.08617769624105233,51.75,58.675
Lalmonirhat-1,39.51,12.25,15.33,94451.67,93052.33,98.64,49.66,4.01,25.62,69.64,0.72,70.36,0.06,52.48,59.71,97.7,7.14,34.39,46.89,17.56,Bangladesh Nationalist Party,Md. Hasan Rajib Pradhan,138686.0,129572.0,72.13,282613.0,400305.0,,,BNP_COALITION,49.07276027642041,3.2249047283741374,693.7955999999999,0.28631399999999996,0.058268908123975775,54.849999999999994,52.375
Cumilla-8,40.18,15.29,15.53,79201.67,93616.33,114.83,53.43,21.81,15.94,62.15,0.1,62.25,0.36,48.2,56.28,99.53,8.09,41.09,40.05,27.36,Bangladesh Nationalist Party,Zakaria Taher,169178.0,45091.0,59.36,215463.0,372385.0,65.95,34.05,BNP_COALITION,78.51835349920869,57.59086246826601,1099.3247999999999,1.7644289999999998,0.3074846997479606,54.63333333333333,51.67
Gopalganj-2,41.97,12.46,14.78,296899.0,304651.33,99.68,49.9,27.32,18.45,54.02,0.22,54.23,0.7,50.18,79.25,99.75,27.16,27.21,53.77,35.79,Bangladesh Nationalist Party,K. M. Babar,40048.0,33039.0,39.59,146438.0,380695.0,24.23,75.77,BNP_COALITION,27.348092708176843,4.786325953645912,1502.1063,7.4201120000000005,0.5306282510621704,68.72,40.72
Rangpur-6,32.26,16.17,12.58,203677.0,211156.0,103.67,50.9,3.28,22.28,74.22,0.22,74.44,0.04,56.66,51.03,99.26,4.21,34.89,47.53,14.99,Bangladesh Jamaat-e-Islami,Md. Nurul Amin,118160.0,116646.0,69.43,239898.0,352852.0,,,JAMAAT_REFORM,49.25426639655186,0.6311015514927177,483.57739999999995,0.138088,0.039220713153281295,51.50000000000001,54.665
Moulvibazar-4,42.6,10.24,12.8,68289.8,70649.4,89.02,46.01,23.78,40.97,34.31,0.94,35.25,400.76,49.66,60.7,98.61,33.47,35.36,46.23,33.25,Bangladesh Nationalist Party,Md. Mujibur Rahman Chowdhury,168958.0,49389.0,55.9,258872.0,483058.0,,,BNP_COALITION,65.26700454278563,46.18846379677988,1416.45,7.959166,5.995854895409275,64.26,35.305
Netrokona-5,35.97,14.99,13.67,82215.5,88683.5,105.73,51.39,11.35,27.58,60.74,0.32,61.06,0.29,56.56,42.03,99.63,5.8,39.2,41.91,15.27,Bangladesh Jamaat-e-Islami,Masum Mustafa,82177.0,79412.0,57.99,163233.0,287719.0,69.31,30.69,JAMAAT_REFORM,50.34337419516886,1.6938976800034307,549.2619,0.6583,0.2546422183735807,49.153333333333336,50.13
Chattogram-15,43.56,12.44,17.67,155152.0,173054.0,111.54,52.73,29.42,12.3,57.98,0.3,58.28,0.5,66.85,63.1,99.54,18.44,36.49,40.37,36.5,Bangladesh Jamaat-e-Islami,Shahjahan Chowdhury,181238.0,130661.0,62.93,303862.0,491786.0,74.32,25.68,JAMAAT_REFORM,59.644838775496765,16.64472688259802,1589.94,5.425048,0.4054651081081644,60.36000000000001,47.385000000000005
Chapai Nawabganj-3,37.78,12.97,13.69,273734.0,309689.0,113.14,53.08,35.86,23.46,40.57,0.1,40.67,0.88,50.78,56.42,98.66,8.61,37.96,45.22,28.79,Bangladesh Jamaat-e-Islami,Md. Nurul Islam,189640.0,127037.0,68.9,312933.0,460802.0,,,JAMAAT_REFORM,60.60083148789038,20.00524073843283,1087.6862,3.0875459999999997,0.6312717768418579,54.56333333333333,39.315
Dhaka-17,42.45,8.16,12.51,1639946.0,1416543.0,84.55,45.75,67.34,14.32,18.17,0.17,18.34,13.85,52.37,60.68,99.44,93.75,22.55,62.42,58.56,Bangladesh Nationalist Party,Tareq Rahman,72699.0,68300.0,43.95,142007.0,327891.0,78.2,21.8,BNP_COALITION,51.19395522755921,3.097734618715979,2485.8720000000003,63.13125,2.6979998652487085,84.62333333333333,20.445
Nilphamari-2,39.22,12.19,14.63,447081.67,450234.0,100.0,50.0,9.75,26.72,63.08,0.44,63.53,0.2,65.18,54.05,99.4,15.27,28.95,53.37,22.88,Bangladesh Jamaat-e-Islami,Al-Faruk Abdul Latif,146430.0,135418.0,75.28,283845.0,382969.0,,,JAMAAT_REFORM,51.58801458542514,3.879582166323169,897.3535999999999,1.4888249999999998,0.18232155679395462,56.24,46.24
Patuakhali- 4,38.14,13.7,13.67,102437.5,100244.0,97.96,49.48,5.08,6.14,87.49,1.29,88.78,0.06,51.63,61.86,99.1,4.28,41.11,44.58,20.45,Bangladesh Nationalist Party,A. B. M. Mosharraf Hossain,124013.0,70124.0,68.04,207930.0,310606.0,66.97,33.03,BNP_COALITION,59.64170634348098,25.916895108930888,779.963,0.217424,0.058268908123975775,55.07999999999999,64.945
Sunamganj-5,43.13,12.18,16.57,113389.0,122442.0,102.07,50.41,30.86,20.43,47.81,0.9,48.71,1.48,58.52,52.32,98.99,9.45,35.43,47.26,23.33,Bangladesh Nationalist Party,Kalim Uddin Ahmed,151915.0,102121.0,49.83,254643.0,521897.0,,,BNP_COALITION,59.658031047387915,19.554435032575014,1006.2229,2.9162699999999995,0.9082585601768908,53.586666666666666,42.07
Khulna-3,37.67,12.68,13.9,44925.8,43717.0,94.48,48.46,36.15,25.63,37.33,0.9,38.22,1.61,61.29,64.28,99.8,39.89,25.72,58.45,39.83,Bangladesh Nationalist Party,Rakibul Islam,74845.0,66010.0,59.45,145134.0,249202.0,69.54,30.46,BNP_COALITION,51.56958397067538,6.087477779155814,1500.3961,14.420235,0.9593502213346021,67.99,31.97
Khagrachari,39.03,12.3,14.16,843.47,841.45,100.56,49.78,2.85,12.02,84.93,0.2,85.13,46.04,67.06,51.28,91.25,7.09,35.83,43.34,21.5,Bangladesh Nationalist Party,Abdul Wadud Bhuiyan,151040.0,68315.0,61.79,328159.0,547042.0,48.07,51.93,BNP_COALITION,46.02646887636786,25.208816457875606,839.145,0.20206500000000002,3.850998303590371,49.873333333333335,60.48
Dhaka-14,43.79,7.23,12.66,145785.0,126022.0,86.55,46.39,73.95,16.3,9.53,0.22,9.75,9.72,52.67,57.48,99.75,95.88,23.58,58.71,55.18,Bangladesh Jamaat-e-Islami,Mir Ahmad Bin Qasem,101113.0,83323.0,45.89,203584.0,450743.0,78.63,21.37,JAMAAT_REFORM,49.6664767368752,8.738407733417164,2416.3322,70.90326,2.372111155642656,84.36999999999999,16.665
Naogaon-6,31.48,14.56,11.5,95388.5,101444.5,106.33,51.53,10.42,24.41,65.08,0.09,65.17,0.16,53.85,59.32,99.47,4.73,41.55,47.36,24.06,Bangladesh Nationalist Party,Sheikh Md. Rezaul Islam,108866.0,97629.0,67.4,225787.0,341456.0,71.61,28.39,BNP_COALITION,48.21623919889099,4.976814431300296,757.4087999999999,0.4928660000000001,0.14842000511827327,54.50666666666666,53.36
Dhaka-11,43.55,7.2,12.13,159325.0,127578.33,81.12,44.76,78.6,13.64,7.61,0.15,7.76,10.18,52.73,63.24,99.77,95.83,23.89,60.38,60.06,National Citizen Party,Md. Nahid Islam,93872.0,91833.0,44.51,190053.0,434296.0,,,JAMAAT_REFORM,49.39253787101493,1.0728586236470878,2615.613,75.32238,2.414126467726953,86.27999999999999,15.825
Kishoreganj-6,42.47,13.41,16.85,135812.0,146752.5,108.63,52.06,14.36,17.19,68.27,0.18,68.46,0.22,53.06,51.82,99.68,28.46,39.0,35.69,28.8,Bangladesh Nationalist Party,Md. Shariful Alam,187159.0,44095.0,56.99,235414.0,423647.0,72.44,27.56,BNP_COALITION,79.50206869599938,60.771237054720615,1223.136,4.086856,0.1988508587451652,59.98666666666667,53.73
Narsingdi-3,41.99,13.67,16.25,88189.0,93050.0,104.8,51.17,13.49,28.28,57.69,0.54,58.23,0.25,49.19,54.91,99.3,5.09,38.89,43.8,25.81,Bangladesh Nationalist Party,Monjur Elahi,82061.0,45682.0,60.01,165303.0,280929.0,,,BNP_COALITION,49.64277720307557,22.007465079278656,1083.7619,0.6866410000000001,0.22314355131420976,53.099999999999994,48.56
Gaibandha-5,36.06,14.76,13.71,110169.5,117960.0,106.22,51.5,2.46,13.16,84.22,0.17,84.38,0.03,49.0,43.02,97.68,2.99,38.68,51.29,16.87,Bangladesh Jamaat-e-Islami,Md. Abdul Waresh,99378.0,61525.0,57.31,213252.0,381751.0,,,JAMAAT_REFORM,46.60120420910472,17.750361075159905,608.3322000000001,0.07355400000000001,0.0295588022415444,47.896666666666675,61.53
Netrokona-1,39.19,15.98,15.35,84536.67,86999.67,101.01,50.24,1.8,11.21,85.37,1.61,86.99,0.02,46.44,34.0,98.94,5.08,40.36,35.39,15.38,Bangladesh Nationalist Party,Barrister Kaiser Kamal,158434.0,87388.0,56.93,251496.0,453089.0,63.32,36.68,BNP_COALITION,62.9966281769889,28.24935585456628,602.7422,0.09144000000000001,0.019802627296179712,46.00666666666667,63.675
Cox's Bazar-4,50.32,7.72,19.32,105186.33,102550.67,97.05,49.25,18.01,27.95,42.45,11.59,54.04,0.41,55.64,55.58,99.26,17.56,36.11,47.69,23.15,Bangladesh Nationalist Party,Shahjahan Chowdhury,123582.0,122033.0,67.95,247782.0,371822.0,67.51,32.49,BNP_COALITION,49.875293604862335,0.6251462979554608,1164.908,3.1625560000000004,0.3435897043900769,57.46666666666667,45.075
Cumilla-3,39.93,14.77,15.68,136053.0,156256.5,120.8,54.68,9.18,7.08,83.49,0.24,83.73,0.11,54.44,55.36,99.56,9.45,39.45,40.46,28.84,Bangladesh Nationalist Party,Kazi Shah Mofazzal Hossain (Kaikobad),159291.0,109599.0,56.35,267807.0,491227.0,76.5,23.5,BNP_COALITION,59.4797746138077,18.555153524739833,1151.5812,0.8675099999999999,0.10436001532424277,54.79,61.59
Cumilla-6,42.04,11.35,15.48,1077908.0,1216690.0,105.63,51.33,45.7,20.87,33.05,0.38,33.43,2.81,57.1,62.9,99.34,19.05,32.96,49.05,30.57,Bangladesh Nationalist Party,Md. Monirul Haque Chowdhury,201706.0,119851.0,52.57,323747.0,632858.0,68.42,31.58,BNP_COALITION,62.30358891356522,25.283631971879277,1285.1628,8.70585,1.3376291891386096,60.43000000000001,33.195
Narsingdi-2,39.88,11.79,13.38,125306.0,123845.0,98.83,49.71,24.5,31.08,44.33,0.09,44.42,0.55,55.16,51.74,99.09,7.78,35.96,45.37,17.23,Bangladesh Nationalist Party,Dr. Abdul Moin Khan,92739.0,55920.0,60.96,168968.0,283779.0,,,BNP_COALITION,54.88554045736471,21.790516547511952,687.1324000000001,1.9061000000000001,0.4382549309311553,52.870000000000005,40.19
Rajshahi-4,30.08,13.76,10.98,185297.0,188648.0,101.81,50.45,10.0,22.65,67.3,0.04,67.34,0.15,61.27,67.35,99.75,3.83,34.33,48.36,19.53,Bangladesh Jamaat-e-Islami,Md. Abdul Bari Sardar,115226.0,109461.0,72.21,224580.0,316521.0,,,JAMAAT_REFORM,51.307329236797585,2.5670139816546445,587.4624,0.38299999999999995,0.13976194237515868,56.97666666666667,50.835
Shariatpur-1,39.02,14.48,14.36,178626.0,191188.6,104.68,51.13,19.54,12.42,67.65,0.39,68.04,0.34,57.89,64.15,99.76,12.58,37.47,46.06,35.59,Bangladesh Nationalist Party,Saeed Ahmed,77398.0,62717.0,43.31,164908.0,390359.0,,,BNP_COALITION,46.93404807529046,8.90253959783637,1388.7218000000003,2.458132,0.29266961396282,58.83000000000001,52.755
Jamalpur-3,34.64,15.86,13.96,104106.0,109919.67,104.77,51.16,2.82,12.76,84.2,0.22,84.42,0.03,53.48,50.62,99.5,3.98,34.56,40.32,20.86,Bangladesh Nationalist Party,Md. Mostafizur Rahman Babul,207412.0,81430.0,59.74,312893.0,534623.0,80.84,19.16,BNP_COALITION,66.28847561306901,40.26360449099213,722.5904,0.11223599999999999,0.0295588022415444,51.36666666666667,59.49
Cox's Bazar-2,44.96,9.84,18.11,95285.33,90878.33,96.22,49.03,10.53,14.49,65.61,9.38,74.99,0.16,54.09,53.27,98.79,5.77,36.69,44.19,20.08,Bangladesh Nationalist Party,Alamgir Muhammad Mahfuz Ullah Farid,125543.0,91889.0,59.85,224170.0,383639.0,59.86,40.14,BNP_COALITION,56.003479502163536,15.012713565597538,902.7968,0.6075809999999999,0.14842000511827327,52.61000000000001,55.839999999999996
Gaibandha-3,32.97,16.14,12.69,139979.0,150546.0,107.64,51.84,3.91,22.02,73.92,0.15,74.07,0.05,54.92,58.33,99.48,4.01,34.78,54.85,16.12,Bangladesh Jamaat-e-Islami,Abul Kawsar Mohammad Nazrul Islam,85816.0,55500.0,63.09,309352.0,501943.0,,,JAMAAT_REFORM,27.740567379554683,9.799839664847811,531.4764,0.156791,0.04879016416943201,53.94,54.425
Satkhira-1,32.7,14.22,11.88,67968.89,69921.89,101.52,50.23,37.43,23.6,38.56,0.41,38.97,1.52,61.89,62.21,99.59,7.22,36.26,50.73,27.11,Bangladesh Jamaat-e-Islami,Md. Izzat Ullah,193772.0,169995.0,75.67,364910.0,490993.0,65.32,34.68,JAMAAT_REFORM,53.10131265243485,6.51585322408265,886.4970000000001,2.702446,0.924258901523332,56.34,37.614999999999995
Sylhet-2,45.27,11.63,17.28,70414.25,74279.5,108.73,52.06,27.7,30.39,40.82,1.09,41.91,0.67,48.28,62.91,99.29,6.38,37.23,35.88,31.56,Bangladesh Nationalist Party,Mosammat Tahsina Rushdi,116697.0,37446.0,44.39,157568.0,364101.0,,,BNP_COALITION,74.06135763606824,50.29637997562957,1428.7212,1.76726,0.5128236264286637,56.19333333333333,39.56999999999999
Gazipur-2,46.35,5.43,12.02,109814.67,99415.5,80.66,43.28,55.44,28.65,15.78,0.13,15.91,1648.03,48.96,44.07,99.74,79.76,25.85,55.98,43.1,Bangladesh Nationalist Party,M. Manjurul Karim Rony,188606.0,140950.0,44.56,348174.0,799098.0,75.05,24.95,BNP_COALITION,54.17004141607358,13.687409168978729,1997.6850000000002,44.218944,7.407942515238259,74.52333333333333,20.880000000000003
Jashore-5,33.17,14.75,12.26,223125.0,231391.0,103.7,50.91,27.9,21.71,49.68,0.72,50.4,0.55,58.33,58.32,99.6,2.51,36.3,46.78,25.76,Bangladesh Jamaat-e-Islami,Gazi Enamul Haque,132876.0,85045.0,76.56,277937.0,369078.0,66.45,33.55,JAMAAT_REFORM,47.80795647934604,17.209295631743885,854.4592000000001,0.70029,0.4382549309311553,53.47666666666666,43.349999999999994
Mymensingh-7,39.68,13.87,14.19,243437.0,248030.0,101.89,50.47,6.33,24.78,68.5,0.38,68.88,0.09,62.53,65.54,99.6,37.57,28.54,51.96,39.49,Bangladesh Nationalist Party,Dr. Md. Mahabubur Rahman,99049.0,84851.0,56.65,220447.0,399637.0,76.73,23.27,BNP_COALITION,44.930981142859736,6.440550336362028,1566.9632000000001,2.378181,0.08617769624105233,67.57,48.709999999999994
Lakshmipur-2,40.84,13.66,15.28,305621.2,342047.8,108.8,52.07,33.12,11.68,55.11,0.09,55.2,0.69,52.71,53.16,98.88,12.12,35.66,46.3,23.74,Bangladesh Nationalist Party,Md. Abul Khair Bhuiyan,146321.0,133698.0,59.95,282480.0,483962.0,71.97,28.03,BNP_COALITION,51.798711413197395,4.46863494760691,969.5416,4.014143999999999,0.5247285289349821,54.72,45.43
Brahmanbaria-2,44.74,11.02,18.2,92226.33,102207.67,101.97,50.3,36.19,10.6,53.13,0.07,53.21,1.03,47.62,50.55,99.84,31.23,42.0,38.08,35.18,Independent Candidate,Rumin Farhana,118547.0,80434.0,48.9,234675.0,493491.0,68.61,31.39,INDEPENDENT_OTHER,50.51539362948759,16.240758495792054,1573.9532000000002,11.302137,0.708035793053696,60.53999999999999,47.605000000000004
Panchagarh-1,37.58,12.1,13.64,187439.2,187337.8,99.67,49.91,6.68,29.59,63.06,0.67,63.73,0.16,57.66,63.55,99.07,9.7,33.12,50.2,18.76,Bangladesh Nationalist Party,Mohammad Nawshad Zamir,176169.0,168049.0,77.39,346256.0,458802.0,,,BNP_COALITION,50.87825192920845,2.3450857169262047,705.0008,0.6479599999999999,0.14842000511827327,57.44,48.425
Joypurhat-2,30.62,14.55,11.02,38104.17,39893.83,104.19,51.02,14.8,17.17,67.91,0.11,68.02,0.25,63.77,57.1,99.43,9.7,34.83,54.46,26.11,Bangladesh Nationalist Party,Md. Abdul Bari,158065.0,92517.0,73.42,249656.0,348101.0,,,BNP_COALITION,63.31311885153972,26.25532733040664,799.4882,1.4356,0.22314355131420976,55.41,51.425
Moulvibazar-3,43.05,12.2,16.67,271794.8,292492.8,106.35,51.5,27.8,29.26,42.57,0.37,42.95,1.51,53.98,66.33,98.98,31.56,33.23,44.09,36.84,Bangladesh Nationalist Party,Naser Rahman,154545.0,74362.0,50.56,236699.0,479458.0,,,BNP_COALITION,65.29178408020313,33.87551278205654,1585.962,8.773679999999999,0.9202827531436926,65.62333333333333,38.09
Tangail-3,33.42,16.55,12.86,214610.0,234114.0,109.09,52.17,8.12,9.85,81.77,0.26,82.03,0.1,61.83,56.37,99.37,8.78,38.7,42.66,30.96,Independent Candidate,Md. Lutfar Rahman Khan Azad,107901.0,82769.0,61.59,226773.0,377365.0,68.77,31.23,INDEPENDENT_OTHER,47.5810612374489,11.082448086853374,1034.6832000000002,0.7129359999999998,0.09531017980432487,54.84,60.365
Dhaka-7,44.25,7.66,13.58,90886.0,70815.0,78.13,43.56,92.03,5.02,2.79,0.16,2.95,65.67,49.27,63.95,99.79,95.74,22.42,50.02,56.87,Bangladesh Nationalist Party,Hamidur Rahman,104666.0,98483.0,48.01,224226.0,476167.0,,,BNP_COALITION,46.678797284882215,2.757485750983383,2516.4975,88.109522,4.199755076629969,86.49333333333334,12.685
Dinajpur-1,35.14,13.31,13.05,132247.5,133101.0,100.38,50.09,2.76,23.7,73.26,0.29,73.54,0.04,68.89,52.34,99.04,3.59,33.96,54.32,16.6,Bangladesh Nationalist Party,Md. Manjurul Islam,179314.0,117481.0,74.45,302221.0,414353.0,,,BNP_COALITION,59.332078181198526,20.459531270163225,583.3240000000001,0.09908399999999999,0.039220713153281295,51.656666666666666,53.75
Sunamganj-4,44.3,12.61,17.58,740039.0,766640.0,103.2,50.79,11.9,18.61,68.68,0.8,69.48,0.17,54.19,57.82,99.53,16.07,36.15,44.32,28.18,Bangladesh Nationalist Party,Nurul Islam,98092.0,75735.0,56.23,201528.0,368398.0,,,BNP_COALITION,48.67412964947799,11.093743797387956,1248.3739999999998,1.91233,0.15700374880966475,57.806666666666665,52.815
Sunamganj-3,44.12,13.52,18.21,75838.33,80715.67,107.24,51.74,10.72,14.06,74.36,0.86,75.22,0.17,55.19,62.79,99.13,9.88,38.05,42.69,22.83,Bangladesh Nationalist Party,Mohammad Qaisar Ahmed,97313.0,42226.0,43.95,158389.0,369797.0,,,BNP_COALITION,61.43924136145819,34.77956171198757,1007.2595999999999,1.059136,0.15700374880966475,57.26666666666666,56.635
Munshiganj-1,34.99,16.58,13.42,97489.0,106238.67,108.7,52.08,22.3,6.07,71.35,0.28,71.63,0.32,57.4,62.42,99.81,16.34,38.7,45.94,43.42,Bangladesh Nationalist Party,Md. Abdullah,167562.0,101568.0,57.87,303949.0,536485.0,73.1,26.9,BNP_COALITION,55.128327449670834,21.712195138000126,1519.2658000000001,3.64382,0.2776317365982795,59.52333333333334,55.165
Chapai Nawabganj-1,36.98,13.15,13.61,327024.0,339845.0,103.92,50.96,26.92,18.87,53.99,0.23,54.22,0.5,48.73,43.16,98.43,1.85,39.63,39.9,16.74,Bangladesh Jamaat-e-Islami,Md. Keramat Ali,206893.0,162515.0,76.59,368767.0,493816.0,,,JAMAAT_REFORM,56.103989782165975,12.034157069369005,619.0451999999999,0.4980200000000001,0.4054651081081644,47.81333333333333,46.925
Chapai Nawabganj-2,35.53,12.57,13.13,71713.0,74798.25,103.66,50.89,22.45,18.99,58.47,0.1,58.57,0.61,55.25,50.37,98.06,2.55,37.47,45.78,15.29,Bangladesh Jamaat-e-Islami,Md. Mizanur Rahman,171227.0,155119.0,74.6,332560.0,456367.0,,,JAMAAT_REFORM,51.48755111859514,4.843637238393072,543.2537,0.572475,0.4762341789963716,50.326666666666675,48.019999999999996
Dinajpur-6,33.83,14.05,12.14,66592.4,66861.4,101.33,50.32,7.16,32.81,59.93,0.1,60.04,0.17,62.48,55.54,99.42,5.8,36.6,50.93,18.22,Bangladesh Nationalist Party,Abu Zafar Md. Zahid Hossain,205118.0,190703.0,73.62,397922.0,553211.0,,,BNP_COALITION,51.54728816200161,3.6225692472394084,616.3825999999999,0.41528,0.15700374880966475,53.58666666666667,48.32
Gazipur-3,44.95,8.91,12.79,204001.2,184022.6,92.52,48.01,14.28,44.9,40.74,0.08,40.82,0.53,48.87,60.1,99.67,55.57,25.61,58.61,40.89,Bangladesh Nationalist Party,S. M. Rafiqul Islam,162343.0,100539.0,57.5,293168.0,523222.0,70.88,29.12,BNP_COALITION,55.37541614364459,21.081427713802327,1838.0055000000002,7.935396,0.4252677354043441,71.78,33.215
Sylhet-5,45.6,12.06,18.98,138714.0,153727.5,110.62,52.51,9.92,30.39,58.33,1.36,59.69,0.17,48.76,48.18,99.42,6.58,42.49,29.79,28.56,Khelafat Majlis,Mohammad Abul Hasan,79355.0,69774.0,49.03,201933.0,420833.0,,,JAMAAT_REFORM,39.29768784695914,4.744643025161811,1302.336,0.652736,0.15700374880966475,51.39333333333334,51.09
Dhaka-20,39.03,10.94,12.69,150411.0,148773.5,97.48,49.36,38.37,26.04,35.55,0.03,35.58,2.26,57.92,61.04,99.84,58.12,27.21,51.62,40.88,Bangladesh Nationalist Party,Md. Tamij Uddin,162504.0,57787.0,63.55,229606.0,370938.0,,,BNP_COALITION,70.7751539593913,45.60725765006141,1595.5464000000002,22.300644,1.1817271953786161,73.0,31.395
Kishoreganj-5,39.15,14.82,15.75,69297.33,73243.33,104.56,51.11,6.4,10.94,82.48,0.19,82.67,0.08,41.04,40.57,99.31,11.1,38.06,31.43,21.27,Independent Candidate,Sheikh Mojibur Rahman Iqbal,79604.0,66450.0,59.67,204948.0,350101.0,73.39,26.61,INDEPENDENT_OTHER,38.84107188164803,6.4182134004723155,832.7204999999999,0.7104,0.07696104113612832,50.32666666666666,60.365
Munshiganj-2,36.63,15.03,14.12,94480.0,102397.0,108.26,51.98,12.04,4.42,82.26,1.27,83.53,0.14,55.8,54.44,99.7,14.88,38.37,46.12,38.23,Bangladesh Nationalist Party,Abdus Salam Azad,121154.0,58573.0,53.21,193241.0,372832.0,71.89,28.11,BNP_COALITION,62.695804720530326,32.384949363747864,1400.3649,1.791552,0.1310282624064041,56.339999999999996,60.95
Naogaon-3,29.81,16.16,10.66,126990.5,130610.5,103.19,50.78,11.87,18.84,69.18,0.1,69.29,0.17,59.29,56.3,99.48,4.3,36.58,49.96,18.42,Bangladesh Nationalist Party,Md. Fazle Huda,166889.0,119421.0,72.98,311152.0,436902.0,67.85,32.15,BNP_COALITION,53.63584357484444,15.255566411271662,549.1002,0.5104099999999999,0.15700374880966475,53.36000000000001,52.935
Bagerhat-4,32.69,15.55,12.3,54474.75,58475.5,105.4,51.31,19.29,14.1,65.59,1.02,66.6,0.39,57.81,75.0,99.21,9.87,35.91,46.84,25.64,Bangladesh Jamaat-e-Islami,Md. Abdul Alim,116067.0,98326.0,59.99,222047.0,377094.0,62.01,37.99,JAMAAT_REFORM,52.27136597206897,7.989749917810193,838.1716,1.9039229999999998,0.3293037471426004,61.35999999999999,51.254999999999995
Brahmanbaria-6,41.09,14.67,17.53,75552.5,92489.5,110.24,52.27,12.56,12.14,74.88,0.42,75.3,0.17,44.0,67.48,99.53,15.04,43.06,36.99,43.64,Ganosanhati Andolan,Md. Jonaed Abdur Rahim Saki,95342.0,29976.0,52.58,146223.0,284531.0,82.0,18.0,BNP_COALITION,65.20314861547088,44.70295370769304,1793.1676000000002,1.889024,0.15700374880966475,60.68333333333333,59.18
Rajshahi-3,35.08,11.66,11.97,93380.67,92142.67,100.02,50.0,26.98,22.0,50.85,0.18,51.02,0.71,63.11,56.62,99.39,5.42,34.1,47.24,20.35,Bangladesh Nationalist Party,Mohammad Shafiqul Haque Milon,176318.0,137927.0,77.25,317098.0,420837.0,,,BNP_COALITION,55.60363042340223,12.106982699354774,713.878,1.4623160000000002,0.5364933705145685,53.809999999999995,42.56
Sirajganj-4,29.01,19.03,12.45,145460.0,149385.0,108.08,51.91,5.02,15.26,79.67,0.05,79.72,0.06,45.26,56.28,99.72,6.42,33.7,41.23,20.68,Bangladesh Jamaat-e-Islami,Md. Rafiqul Islam Khan,161872.0,161278.0,69.96,324253.0,471626.0,,,JAMAAT_REFORM,49.92151190582662,0.18319028659719416,599.9268000000001,0.32228399999999996,0.058268908123975775,54.13999999999999,56.71
Sylhet-4,47.8,10.81,19.87,92872.0,94617.25,102.76,50.68,11.43,24.58,61.78,2.21,63.98,0.19,45.3,37.06,98.03,6.83,43.91,31.3,23.73,Bangladesh Nationalist Party,Ariful Haque Chowdhury,181609.0,65776.0,52.65,260479.0,508110.0,,,BNP_COALITION,69.72116754133731,44.469227845622875,1134.2939999999999,0.7806690000000001,0.173953307123438,47.30666666666667,53.94499999999999
Faridpur-3,37.98,14.16,13.77,665548.0,699639.5,104.05,50.99,16.25,16.54,67.04,0.16,67.2,0.25,48.56,69.5,99.62,10.93,35.16,47.84,32.52,Bangladesh Nationalist Party,Nayab Yusuf Ahmed,148545.0,124115.0,65.69,276702.0,428778.0,68.98,31.02,BNP_COALITION,53.68410781273717,8.828992923795274,1235.1096,1.7761249999999997,0.22314355131420976,60.01666666666667,51.18
Chattogram-11,48.36,5.83,13.2,90752.5,83689.0,92.35,48.01,77.64,16.61,5.41,0.34,5.75,21.1,48.46,69.02,99.68,96.16,23.93,53.33,49.18,Bangladesh Nationalist Party,Amir Khasru Mahmud Chowdhury,115999.0,76681.0,41.36,198317.0,489336.0,65.37,34.63,BNP_COALITION,58.49170772046774,19.825834396446094,2378.3448,74.658624,3.0955776085237074,88.28666666666668,14.84
Sunamganj-1,42.27,12.07,16.49,42615.5,42395.0,100.63,50.15,12.93,11.74,74.7,0.63,75.33,1.72,58.13,59.76,99.61,13.19,34.91,51.4,26.7,Bangladesh Nationalist Party,Kamruzzaman Kamrul,161774.0,92966.0,52.09,253366.0,497719.0,,,BNP_COALITION,63.849924614983856,27.157550736878665,1128.6090000000002,1.7054669999999998,1.000631880307906,57.52,55.12
Dhaka-5,43.83,7.48,14.82,207436.0,178062.0,86.88,46.47,77.1,16.08,6.68,0.13,6.82,12.67,51.14,61.49,99.88,95.71,28.2,48.72,47.49,Bangladesh Jamaat-e-Islami,Mohammad Kamal Hossain,96641.0,87491.0,48.55,198351.0,415455.0,74.96,25.04,JAMAAT_REFORM,48.72221465987063,4.613034469198542,2081.4867,73.79240999999999,2.6152036507358583,85.69333333333333,17.509999999999998
Pabna-1,37.06,14.53,13.77,89806.75,91195.25,100.92,50.23,6.98,9.65,83.31,0.06,83.37,0.08,48.04,51.01,99.56,6.66,36.34,45.54,21.99,Bangladesh Jamaat-e-Islami,Mohammad Najibur Rahman,129974.0,104245.0,70.63,234257.0,337720.0,,,JAMAAT_REFORM,55.483507429874024,10.983236360066082,814.9494,0.464868,0.07696104113612832,52.41,59.855000000000004
Chattogram-12,40.98,12.32,15.55,198164.0,199508.0,100.68,50.17,32.54,17.36,48.33,1.77,50.1,0.65,57.94,64.8,99.4,32.22,25.54,44.01,34.6,Bangladesh Nationalist Party,Mohammad Enamul Haque,135044.0,28999.0,54.77,186663.0,349495.0,31.13,68.87,BNP_COALITION,72.34642109041428,56.8109373576981,1417.908,10.484388,0.5007752879124893,65.47333333333333,37.82
Dhaka-13,42.78,8.21,12.63,203164.5,168342.5,83.84,45.6,82.32,10.56,6.88,0.24,7.12,11.73,55.99,57.4,99.78,91.59,23.85,59.56,55.84,Bangladesh Nationalist Party,Bobby Hajjaj,88387.0,86067.0,44.26,174504.0,403173.0,77.57,22.43,BNP_COALITION,50.65041489020309,1.3294824187411176,2388.8352,75.396888,2.543961412569315,82.92333333333333,15.485000000000001
Chattogram-14,42.38,12.12,16.85,112659.33,124334.0,109.12,52.18,33.8,18.38,47.38,0.44,47.82,0.77,66.18,62.86,99.52,19.45,33.75,45.34,36.12,Bangladesh Nationalist Party,Alhaj Jasim Uddin Ahmed,76493.0,75467.0,59.19,178022.0,308240.0,59.24,40.76,BNP_COALITION,42.96828481873027,0.5763332621810787,1530.7656,6.5741,0.5709795465857378,60.60999999999999,40.785
Habiganj-2,41.13,13.75,15.79,80194.67,85187.33,105.24,51.27,8.57,10.98,79.37,1.08,80.45,0.11,44.93,38.48,99.38,15.12,39.57,37.62,20.8,Bangladesh Nationalist Party,Abu Mansur Sakhawat Hasan,126583.0,65762.0,50.84,194023.0,391917.0,,,BNP_COALITION,65.24123428665673,31.347314493642507,855.5040000000001,1.2957839999999998,0.10436001532424277,50.99333333333333,60.010000000000005
Jhalokati-2,35.94,15.86,13.94,97748.5,104650.0,107.3,51.75,20.07,10.01,68.63,1.28,69.91,0.29,61.7,71.92,99.32,9.54,33.16,53.64,25.48,Bangladesh Nationalist Party,Israt Sultana Elen Bhutto,113419.0,70556.0,58.96,209049.0,360997.0,73.2,26.8,BNP_COALITION,54.25474410305717,20.503805327937467,915.7511999999999,1.9146779999999999,0.2546422183735807,60.26,51.535
Kishoreganj-3,38.57,16.57,15.0,120160.0,129026.0,107.07,51.7,3.26,10.0,86.32,0.42,86.74,0.04,48.78,38.5,99.4,6.48,37.62,27.54,17.31,Bangladesh Nationalist Party,Dr. Muhammad Osman Faruq,112466.0,102476.0,51.95,226659.0,445468.0,70.05,29.95,BNP_COALITION,49.61903123193873,4.407502018450624,667.6467,0.211248,0.039220713153281295,48.126666666666665,62.17999999999999
Lakshmipur-1,39.48,15.09,14.82,82918.0,100452.0,116.55,53.78,36.26,8.97,54.49,0.28,54.77,0.69,49.45,61.11,99.58,5.9,39.84,43.41,29.17,Bangladesh Nationalist Party,Md. Shahadat Hossain,86811.0,59265.0,57.63,153600.0,274261.0,67.95,32.05,BNP_COALITION,56.517578125,17.93359375,1151.6316,2.13934,0.5247285289349821,55.53,47.30500000000001
Cumilla-5,42.33,12.58,16.92,93712.33,105960.67,112.29,52.89,28.58,19.76,51.44,0.22,51.67,0.64,56.04,62.01,99.58,19.35,37.07,42.3,35.81,Bangladesh Nationalist Party,Md. Jasim Uddin,134485.0,124547.0,56.53,255743.0,463839.0,70.94,29.06,BNP_COALITION,52.58599453357472,3.885932361785073,1515.8373000000001,5.53023,0.49469624183610705,60.31333333333333,44.370000000000005
Dhaka-4,43.07,8.39,13.9,106751.0,93043.0,85.24,46.0,77.97,11.65,10.22,0.16,10.38,19.27,46.04,64.5,99.83,96.6,30.56,46.96,47.63,Bangladesh Jamaat-e-Islami,Syed Zainul Abedin,77367.0,74447.0,45.17,159538.0,358685.0,,,JAMAAT_REFORM,48.49440258747133,1.8302849477867342,2051.4241,75.31902,3.0091419604639085,86.97666666666665,20.47
Feni-3,40.76,14.81,15.63,130769.5,153015.5,117.05,53.93,29.32,12.84,56.48,1.37,57.86,0.52,59.35,60.3,99.68,10.56,40.34,45.01,41.36,Bangladesh Nationalist Party,Abdul Awwal Mintoo,157425.0,108160.0,55.13,264747.0,492154.0,61.73,38.27,BNP_COALITION,59.462430169180394,18.608331728027135,1685.8336,3.0961920000000003,0.41871033485818504,56.84666666666667,49.1
Jashore-2,33.64,14.49,12.3,141173.5,149023.5,105.28,51.28,38.01,15.28,46.1,0.62,46.72,0.82,61.81,65.13,99.76,4.06,37.24,45.76,27.89,Bangladesh Jamaat-e-Islami,Mohammad Mosleh Uddin Farid,180965.0,146447.0,70.53,329870.0,477556.0,69.06,30.94,JAMAAT_REFORM,54.85949010216146,10.464122229969382,938.2196,1.5432059999999999,0.598836501088704,56.31666666666666,41.980000000000004
Lakshmipur-4,42.69,13.35,16.24,86222.67,89454.0,103.73,50.92,5.39,11.95,81.97,0.7,82.67,0.07,53.37,49.87,99.39,17.81,35.98,46.15,23.26,Bangladesh Nationalist Party,A. B. M. Ashraf Uddin (Nizan),115199.0,73756.0,57.33,229494.0,412291.0,70.79,29.21,BNP_COALITION,50.19695504021892,18.058424185381753,992.9694000000001,0.9599589999999999,0.06765864847381481,55.69,59.325
Naogaon-1,35.36,12.26,12.0,100427.33,100323.67,99.51,49.87,7.1,5.31,87.48,0.11,87.59,0.08,52.62,51.01,99.55,3.01,39.79,44.53,15.28,Bangladesh Nationalist Party,Md. Mostafizur Rahman,173864.0,153816.0,77.48,356567.0,471022.0,67.45,32.55,BNP_COALITION,48.76054149710994,5.622505728236208,540.3008,0.21370999999999998,0.07696104113612832,51.19,63.69
Nilphamari-1,37.6,13.18,14.26,103061.33,103441.0,99.72,49.93,6.6,22.19,70.96,0.25,71.21,0.12,65.12,57.91,99.19,6.65,33.9,52.44,18.82,Bangladesh Jamaat-e-Islami,Md. Abdus Sattar,150824.0,119059.0,65.02,290779.0,456603.0,,,JAMAAT_REFORM,51.868945143906544,10.924103872700574,707.6320000000001,0.4389,0.11332868530700317,54.583333333333336,52.55499999999999
Netrokona-2,38.65,15.26,14.66,149281.5,152780.0,102.42,50.6,6.22,14.67,78.15,0.96,79.1,0.09,47.86,46.24,99.46,14.09,34.96,43.4,18.27,Bangladesh Nationalist Party,Md. Anwarul Haque,171399.0,67367.0,53.49,257275.0,497322.0,65.85,34.15,BNP_COALITION,66.62093091050433,40.436109221649986,706.1355,0.8763979999999999,0.08617769624105233,53.26333333333333,57.03
Cumilla-1,38.15,15.39,15.72,68111.25,76963.75,115.63,53.59,23.99,9.88,65.92,0.2,66.12,0.4,53.56,61.85,99.39,9.37,38.79,43.6,33.76,Bangladesh Nationalist Party,Dr. Khandaker Mosharraf Hossain,141440.0,94845.0,56.82,239274.0,430015.0,75.49,24.51,BNP_COALITION,59.11214757976211,19.47349064252698,1287.944,2.2478629999999997,0.33647223662121295,56.870000000000005,52.455
Sherpur-1,36.5,14.87,13.98,505712.5,527071.5,103.62,50.89,3.8,13.58,82.36,0.26,82.62,0.05,59.11,47.94,99.39,10.98,34.89,41.76,18.4,Bangladesh Jamaat-e-Islami,Md. Rashedul Islam Rashed,127811.0,78342.0,60.97,266869.0,445941.0,80.2,19.8,JAMAAT_REFORM,47.892786348358186,18.536810195264344,671.5999999999999,0.41723999999999994,0.04879016416943201,52.76999999999999,58.755
Barisal-3,36.24,16.0,13.85,56663.67,64116.67,110.92,52.57,18.82,13.12,67.22,0.84,68.06,0.3,61.72,73.4,99.61,10.39,33.79,46.93,25.4,Bangladesh Nationalist Party,Zainul Abedin,80930.0,61192.0,53.19,170347.0,327420.0,75.06,24.94,BNP_COALITION,47.508908287202004,11.58693725160995,920.496,1.9553980000000002,0.26236426446749106,61.133333333333326,50.925
Barishal-2,35.34,15.99,12.94,54002.5,56528.0,112.99,52.8,29.18,11.26,57.44,2.11,59.55,0.75,63.77,74.44,99.45,7.56,32.54,54.52,27.88,Bangladesh Nationalist Party,Sardar Sarfuddin Ahmed,141622.0,74082.0,59.63,222654.0,380706.0,62.38,37.62,BNP_COALITION,63.6063129339693,30.334060919633153,985.2792000000001,2.2060079999999997,0.5596157879354227,60.48333333333333,46.045
Chattogram-2,41.31,13.65,16.89,155459.5,166871.5,109.82,52.33,30.84,13.38,55.3,0.47,55.78,0.56,59.34,68.93,98.23,14.19,37.68,37.81,37.29,Bangladesh Nationalist Party,Sarwar Alamgir,139831.0,65550.0,46.49,216452.0,480777.0,57.33,42.67,BNP_COALITION,64.601389684549,34.3175392234768,1540.4499,4.376196,0.44468582126144574,60.45000000000001,46.730000000000004
Moulvibazar-1,43.47,11.47,17.17,74402.0,82828.0,109.76,52.32,17.9,36.36,44.83,0.92,45.74,0.55,57.56,62.23,97.81,18.64,35.58,39.21,35.0,Bangladesh Nationalist Party,Nasir Uddin Ahmed,98277.0,78214.0,57.3,185256.0,331253.0,,,BNP_COALITION,53.049293949993526,10.829878654402556,1521.45,3.33656,0.4382549309311553,59.56,40.66
Mymensingh-11,42.6,10.43,12.95,297854.0,286099.0,96.05,48.99,8.52,37.65,53.69,0.14,53.83,0.16,51.27,62.97,99.53,20.75,32.47,47.05,29.22,Bangladesh Nationalist Party,Fakhr Uddin Ahmed,111230.0,66016.0,57.57,199527.0,355146.0,66.81,33.19,BNP_COALITION,55.74684127962632,22.66059230079137,1244.772,1.7679,0.14842000511827327,61.083333333333336,43.15
Bhola-3,38.91,14.9,13.82,105009.0,110912.0,104.28,51.03,5.33,8.72,85.14,0.81,85.94,0.06,50.72,69.1,98.12,2.93,40.98,42.14,24.98,Bangladesh Nationalist Party,"Hafiz Uddin Ahmed, Bir Bikram",145990.0,57351.0,55.93,210055.0,385569.0,68.47,31.53,BNP_COALITION,69.50084501678133,42.197995763014454,971.9717999999999,0.156169,0.058268908123975775,56.71666666666667,63.459999999999994
Chattogram-9,44.45,8.59,15.55,87854.0,83708.0,95.71,48.9,70.16,21.86,7.56,0.42,7.98,13.77,49.16,76.84,99.68,94.08,22.56,49.42,48.59,Bangladesh Nationalist Party,Mir Mohammad Helal Uddin,147054.0,46589.0,41.81,168391.0,412535.0,55.66,44.34,BNP_COALITION,87.32889524974613,59.66173964166731,2159.8255000000004,66.006528,2.6925980965432883,90.2,15.27
Narayanganj- 2,41.98,12.21,15.73,233585.0,233929.0,100.15,50.04,16.29,18.55,64.9,0.26,65.16,0.25,55.82,62.52,99.67,12.13,33.61,50.04,31.55,Bangladesh Nationalist Party,Md. Nazrul Islam Azad,124291.0,81054.0,65.05,230073.0,359597.0,79.19,20.81,BNP_COALITION,54.02241897136996,18.792731002768686,1324.4689999999998,1.975977,0.22314355131420976,58.10666666666666,49.385
Satkhira-2,36.06,12.95,12.17,421764.5,423424.25,99.65,49.91,39.08,21.42,38.82,0.68,39.5,1.55,59.68,62.67,99.66,15.08,34.87,51.99,30.7,Bangladesh Jamaat-e-Islami,Muhammad Abdul Khaleq,266959.0,116293.0,73.75,385172.0,529410.0,77.17,22.83,JAMAAT_REFORM,69.30903596315412,39.11655052807576,1107.0420000000001,5.893263999999999,0.9360933591703348,59.13666666666666,37.185
Sylhet-1,45.37,10.19,15.67,445562.2,456134.2,98.89,49.71,46.24,30.54,22.66,0.56,23.22,3.3,53.3,67.16,99.56,67.61,29.49,45.73,44.21,Bangladesh Nationalist Party,Khandaker Abdul Muqtadir,176936.0,134983.0,47.51,310328.0,668507.0,,,BNP_COALITION,57.01580263463174,13.518921914877163,2005.8076999999998,31.262864,1.4586150226995167,78.11,26.354999999999997
Chattogram-6,39.53,13.24,14.43,189682.0,206668.0,108.95,52.14,41.33,16.9,40.92,0.84,41.76,0.99,66.03,69.57,99.67,38.56,35.66,43.66,40.53,Bangladesh Nationalist Party,Giasuddin Qader Chowdhury,112237.0,27146.0,48.84,159730.0,335990.0,65.41,34.59,BNP_COALITION,70.26670005634507,53.27177111375446,1602.1509,15.936848,0.688134638736401,69.26666666666667,38.709999999999994
Barishal-1,36.4,15.56,13.48,66355.0,70520.33,105.61,51.36,19.63,10.05,68.66,1.65,70.31,0.32,61.13,66.33,99.59,9.68,35.21,50.44,29.87,Bangladesh Nationalist Party,Zahir Uddin Swapan,100552.0,46263.0,61.97,196851.0,323697.0,60.26,39.74,BNP_COALITION,51.08025867280329,27.578727057520663,1087.268,1.9001839999999999,0.2776317365982795,58.53333333333334,52.760000000000005
Jhenaidah-3,32.67,15.31,11.9,65998.5,67245.25,102.54,50.61,41.39,18.22,40.32,0.08,40.4,2.01,53.03,64.21,99.81,4.07,36.15,50.82,29.56,Bangladesh Jamaat-e-Islami,Md. Matiar Rahman,175857.0,149821.0,77.86,325916.0,425606.0,63.99,36.01,JAMAAT_REFORM,53.957768259306086,7.988561469826581,965.7252,1.684573,1.1019400787607843,56.029999999999994,38.275
Khulna-1,33.61,15.76,10.68,98702.0,97489.5,98.84,49.71,11.4,15.69,68.64,4.28,72.92,0.17,64.13,63.88,99.07,10.53,35.48,56.34,25.22,Bangladesh Nationalist Party,Amir Ejaz Khan,121352.0,70346.0,68.56,204284.0,304235.0,51.13,48.87,BNP_COALITION,59.40357541461886,24.968181551173856,847.6442,1.20042,0.15700374880966475,57.82666666666666,54.2
Shariatpur-3,38.2,15.21,14.02,49899.5,54811.0,108.72,52.06,17.03,14.76,67.9,0.31,68.21,0.29,59.38,69.9,99.63,10.39,36.47,49.1,33.19,Bangladesh Nationalist Party,Mia Nuruddin Ahmed Apu,75423.0,48213.0,56.74,185912.0,335126.0,,,BNP_COALITION,40.569194027281725,14.63595679676406,1267.858,1.7694170000000002,0.2546422183735807,59.973333333333336,52.339999999999996
Moulvibazar-2,43.16,11.35,16.47,101348.5,112942.5,108.85,52.11,33.14,26.54,39.42,0.9,40.32,1.16,56.67,58.81,98.19,8.42,35.82,38.49,30.86,Bangladesh Nationalist Party,Nasir Uddin Ahmed,98277.0,78214.0,55.8,161450.0,297429.0,,,BNP_COALITION,60.87147723753484,12.426757510065036,1331.9175999999998,2.7903879999999996,0.7701082216960736,55.13999999999999,38.07
Barishal-6,35.72,13.67,11.92,61321.33,64597.67,104.68,51.12,31.47,20.86,45.86,1.81,47.67,1.01,65.06,42.66,99.83,16.13,29.54,55.25,28.3,Bangladesh Nationalist Party,Abul Hossain Khan,82217.0,55988.0,53.92,165162.0,311699.0,,,BNP_COALITION,49.7796103219869,15.880771606059504,1010.876,5.076111,0.6981347220709844,52.873333333333335,38.605000000000004
Jhalokati-1,33.91,17.21,13.37,60565.5,67601.5,111.57,52.73,14.29,10.74,73.85,1.12,74.97,0.19,63.18,77.02,98.92,4.06,33.53,51.76,22.71,Bangladesh Nationalist Party,Rafiqul Islam Jamal,62010.0,55120.0,57.36,126722.0,225341.0,,,BNP_COALITION,48.9338867757769,5.437098530641878,770.0961,0.5801739999999999,0.173953307123438,60.0,54.25
Chattogram-8,45.54,7.9,14.95,158247.67,149869.67,93.92,48.41,61.99,26.87,10.65,0.49,11.14,6.28,51.51,69.78,99.68,92.47,23.43,51.97,49.09,Bangladesh Nationalist Party,Ershad Ullah,152969.0,53564.0,46.83,250851.0,549133.0,46.96,53.04,BNP_COALITION,60.980023998309754,39.627109319875146,2235.5586000000003,57.322153,1.9851308622085946,87.31,17.285
Gaibandha-2,34.46,13.9,12.88,494040.33,526467.33,105.02,51.22,4.81,13.61,81.4,0.19,81.59,0.06,50.1,54.59,98.69,8.22,34.4,53.88,19.02,Bangladesh Jamaat-e-Islami,Md. Abdul Karim,121073.0,92180.0,60.12,239881.0,408000.0,,,JAMAAT_REFORM,50.47210908742251,12.044722174744978,655.4292,0.395382,0.058268908123975775,53.833333333333336,57.995000000000005
Pirojpur-2,36.12,14.91,13.42,34343.4,36072.2,102.62,50.62,21.93,14.42,62.17,1.49,63.65,0.41,62.3,65.28,99.03,9.37,34.18,54.78,26.76,Bangladesh Nationalist Party,Ahmed Sohel Manjur,105185.0,96897.0,57.33,227506.0,405297.0,67.67,32.33,BNP_COALITION,46.23394547836101,3.642980844461245,966.5712,2.0548409999999997,0.3435897043900769,57.89333333333334,48.915
Kurigram-4,36.74,13.71,13.92,56774.67,59237.33,104.59,51.12,2.34,12.61,84.69,0.36,85.05,0.03,49.24,61.33,99.02,3.41,36.04,49.14,18.97,Bangladesh Jamaat-e-Islami,Md. Mostafizur Rahman,78943.0,57947.0,62.2,219677.0,358967.0,,,JAMAAT_REFORM,35.93594231530838,9.557668759132728,696.9578,0.079794,0.0295588022415444,54.586666666666666,60.545
Kishoreganj-4,42.53,12.44,16.37,38311.33,39872.33,98.53,49.32,8.29,5.17,85.76,0.78,86.54,0.12,38.62,19.21,98.84,7.71,41.76,30.76,18.19,Bangladesh Nationalist Party,Md. Fazlur Rahman,132553.0,55646.0,50.09,198151.0,405509.0,58.64,41.36,BNP_COALITION,66.8949437550151,38.81231989745194,773.6207,0.6391589999999999,0.11332868530700317,41.92,64.15
Mymensingh-6,35.76,16.77,13.98,120480.5,128724.0,108.47,52.03,2.56,7.14,89.62,0.68,90.3,0.03,54.11,54.99,99.37,6.52,37.32,36.45,25.31,Bangladesh Jamaat-e-Islami,Md. Kamrul Hasan,77325.0,53331.0,56.92,230781.0,413309.0,77.14,22.86,JAMAAT_REFORM,33.50579120464856,10.396869759642257,905.0855999999999,0.16691199999999998,0.0295588022415444,53.62666666666667,63.81
Khulna-6,33.65,14.14,11.28,87757.0,87519.67,100.48,50.12,20.31,19.65,54.8,5.23,60.03,0.49,62.22,55.9,99.41,11.03,35.72,56.66,24.95,Bangladesh Jamaat-e-Islami,Md. Abul Kalam Azad,150724.0,124710.0,67.94,279571.0,419454.0,65.17,34.83,JAMAAT_REFORM,53.91260180776977,9.304970830307864,839.5675,2.2401929999999997,0.3987761199573678,55.446666666666665,47.875
Dhaka-6,39.48,9.72,11.72,63671.0,53107.33,82.96,45.33,93.11,5.63,1.21,0.06,1.27,79.12,55.61,74.75,99.01,96.69,21.51,56.67,60.0,Bangladesh Nationalist Party,Ishraq Hossain,78850.0,55697.0,47.45,135389.0,289435.0,68.28,31.72,BNP_COALITION,58.23959110415174,17.101093885027588,2368.7999999999997,90.028059,4.383525510797617,90.14999999999999,11.39
Kurigram-1,34.61,15.43,12.66,125144.0,130398.0,104.2,51.03,1.42,8.39,90.04,0.15,90.19,0.02,47.71,48.59,99.08,2.15,41.27,43.37,13.31,Bangladesh Jamaat-e-Islami,Md. Anwarul Islam,134648.0,117356.0,64.34,353974.0,560266.0,,,JAMAAT_REFORM,38.03895201342471,4.885104555701831,460.6591,0.030529999999999998,0.019802627296179712,49.940000000000005,65.73
Manikganj-1,32.62,16.17,11.86,51679.8,54129.8,106.07,51.47,12.18,8.47,79.26,0.09,79.34,0.18,49.36,55.12,99.49,4.08,35.57,42.88,24.36,Bangladesh Nationalist Party,S. A. Jinnah Kabir,137773.0,77818.0,65.64,295005.0,457279.0,72.82,27.18,BNP_COALITION,46.70192030643548,20.323384349417807,794.6231999999999,0.496944,0.16551443847757338,52.89666666666667,57.455
Faridpur-4,37.0,15.57,13.49,86609.0,95768.5,111.11,52.63,10.4,11.76,77.39,0.44,77.83,0.14,43.44,68.68,99.46,3.62,42.34,44.38,33.89,Bangladesh Nationalist Party,Md. Shahidul Islam,127443.0,75805.0,56.46,271353.0,490975.0,56.3,43.7,BNP_COALITION,46.96576046699318,19.029824619591455,1253.93,0.37648000000000004,0.1310282624064041,57.25333333333333,60.085
Shariatpur-2,38.65,15.99,14.4,68615.5,75958.5,110.93,52.59,17.22,14.0,68.06,0.72,68.78,0.26,56.5,67.3,99.66,9.87,40.04,48.68,41.31,Bangladesh Nationalist Party,Md. Shafiqul Rahman (Kiron),129814.0,70892.0,52.07,207091.0,408455.0,,,BNP_COALITION,62.68452033164165,28.452226315967376,1596.6315,1.6996139999999997,0.23111172096338664,58.94333333333333,54.41
Thakurgaon-1,37.05,11.85,13.37,382911.67,380781.67,98.91,49.72,14.1,35.72,49.71,0.47,50.18,0.51,61.63,55.29,99.48,20.12,29.71,55.07,26.0,Bangladesh Nationalist Party,Mirza Fakhrul Islam Alamgir,238836.0,141017.0,76.51,380670.0,507200.0,,,BNP_COALITION,62.74095673417921,25.696535056610713,963.3,2.83692,0.412109650826833,58.296666666666674,39.945
Chattogram-4,42.6,9.89,14.29,1627017.0,1632339.67,97.6,49.39,41.82,19.38,38.08,0.71,38.8,1.42,53.33,63.73,99.24,60.38,30.57,47.63,42.36,Bangladesh Nationalist Party,Mohammad Aslam Chowdhury,143552.0,91404.0,56.07,242301.0,443239.0,57.75,42.25,BNP_COALITION,59.24531883896476,21.5219912422978,1804.536,25.250916000000004,0.8837675401685949,74.45,34.685
Khulna-2,38.17,11.91,12.4,512160.33,506927.67,98.52,49.62,48.79,25.78,24.31,1.12,25.43,3.15,61.59,70.55,99.79,55.16,27.26,59.47,43.98,Bangladesh Jamaat-e-Islami,Sheikh Manjurul Haque (Rahad),117709.0,66409.0,57.41,186430.0,331156.0,73.13,26.87,JAMAAT_REFORM,63.138443383575606,27.51703052083892,1678.7166,26.912563999999996,1.423108334242607,75.16666666666667,26.345
Manikganj-2,33.9,16.82,12.74,289420.25,311905.75,108.42,52.02,10.91,9.19,79.81,0.1,79.9,0.14,59.12,66.42,99.61,10.29,36.85,46.56,37.9,Bangladesh Nationalist Party,Mainul Islam Khan,175776.0,81531.0,57.73,265248.0,467487.0,77.1,22.9,BNP_COALITION,66.26854867897212,35.530899384726744,1284.81,1.122639,0.1310282624064041,58.77333333333333,58.375
Tangail-4,33.19,16.04,11.45,109082.0,117181.0,108.8,52.1,12.6,10.02,77.36,0.03,77.39,0.18,57.84,64.39,99.3,7.85,38.23,46.12,34.94,Bangladesh Nationalist Party,Md. Lutfar Rahman,105342.0,62509.0,60.88,221376.0,370039.0,67.3,32.7,BNP_COALITION,47.58510407632264,19.348529199190516,1159.6585999999998,0.9891,0.16551443847757338,57.18,57.81
Dhaka-9,39.83,8.43,12.59,127081.0,112916.5,89.0,47.09,82.06,10.32,7.39,0.24,7.62,15.54,49.5,67.4,99.75,96.11,26.28,56.81,55.26,Bangladesh Nationalist Party,Habibur Rashid,111212.0,53460.0,46.99,214245.0,463437.0,,,BNP_COALITION,51.9087960045742,26.956054983780252,2201.0058,78.867866,2.805781689595545,87.75333333333333,16.95
Chattogram-1,38.35,15.49,14.25,120046.0,129149.5,112.18,52.84,24.44,10.07,65.1,0.4,65.5,0.37,62.76,79.34,99.54,8.05,36.86,44.62,40.34,Bangladesh Nationalist Party,Nurul Amin,128799.0,84538.0,57.73,213843.0,380099.0,57.19,42.81,BNP_COALITION,60.23063649499867,20.6978951847851,1547.0390000000002,1.9674200000000002,0.31481073984003355,62.31,51.18
Chattogram-13,44.64,10.28,16.69,131161.0,130428.5,98.86,49.7,29.58,23.67,45.31,1.44,46.74,0.65,56.94,58.81,99.18,38.78,30.4,40.2,31.65,Bangladesh Nationalist Party,Sarwar Jamal Nizam,126192.0,51450.0,55.82,211546.0,392033.0,39.27,60.73,BNP_COALITION,59.65227420986452,35.33132273831696,1412.856,11.471124,0.5007752879124893,65.59,38.57
Sherpur-3,34.39,16.41,13.16,110803.0,117835.0,106.4,51.55,1.42,11.18,87.15,0.25,87.4,0.02,55.86,41.43,99.09,3.72,36.47,42.92,15.46,Islami Andolan Bangladesh,Abu Taleb Md. Saifuddin,0.0,0.0,,,,,,JAMAAT_REFORM,,,531.6694,0.052824,0.019802627296179712,48.080000000000005,61.935
Meherpur-2,31.18,14.97,12.01,154479.0,168211.0,108.89,52.13,33.0,19.51,47.34,0.15,47.49,0.69,62.01,56.74,99.61,4.33,37.66,46.99,30.8,Bangladesh Jamaat-e-Islami,Md. Nazmul Huda,94658.0,85452.0,69.9,181904.0,267563.0,80.24,19.76,JAMAAT_REFORM,52.03733837628639,5.060911249890052,960.344,1.4289,0.5247285289349821,53.56,42.575
Rajshahi-1,36.03,11.73,12.65,66424.2,68360.2,102.19,50.54,35.35,10.02,54.49,0.14,54.63,1.56,58.74,57.26,98.96,5.6,37.0,47.56,21.46,Bangladesh Jamaat-e-Islami,Md. Mujibur Rahman,171786.0,169902.0,75.07,340920.0,464701.0,,,JAMAAT_REFORM,50.388947553678285,0.5526223160858853,773.2038,1.9796,0.9400072584914712,53.94,45.815
Brahmanbaria-1,40.59,13.71,15.82,82958.5,95315.0,108.89,52.08,15.06,17.66,67.23,0.05,67.28,0.27,37.95,38.29,99.45,7.72,46.98,30.72,22.81,Bangladesh Nationalist Party,M. A. Hannan,68092.0,35220.0,54.42,145808.0,273827.0,59.41,40.59,BNP_COALITION,46.699769559969276,22.544716339295512,925.8579,1.1626319999999999,0.23901690047049992,48.48666666666667,57.129999999999995
Khulna-5,34.83,13.88,12.47,56062.8,55941.4,97.65,49.39,35.93,25.19,38.16,0.71,38.88,1.51,63.45,67.04,99.65,16.08,32.84,53.05,30.95,Bangladesh Nationalist Party,Mohammad Ali Asgar,148854.0,146246.0,75.61,294931.0,398486.0,55.97,44.03,BNP_COALITION,50.470788082636275,0.8842746269466418,1077.9885,5.777543999999999,0.9202827531436926,60.923333333333325,35.86
Tangail-2,34.55,15.67,13.29,79548.0,83124.33,99.97,49.94,4.3,7.62,85.62,2.47,88.09,0.05,56.83,62.85,99.08,6.77,34.06,46.42,24.04,Bangladesh Nationalist Party,Md. Abdus Salam Pintu,198213.0,60871.0,64.41,261936.0,413561.0,68.4,31.6,BNP_COALITION,75.67230163093275,52.43341885040621,830.5819999999999,0.29111,0.04879016416943201,56.23333333333334,61.075
Narayanganj- 1,44.51,9.04,14.66,367008.0,337820.0,92.05,47.93,36.32,26.14,37.27,0.27,37.54,0.97,55.4,54.72,99.18,10.3,33.33,48.18,20.36,Bangladesh Nationalist Party,Mustafizur Rahman Bhuiyan,156358.0,91690.0,63.9,253971.0,405300.0,78.21,21.79,BNP_COALITION,61.565296825228074,25.46274968401904,906.2235999999999,3.74096,0.6780335427498971,54.73333333333334,35.435
Narsingdi-4,39.37,14.4,15.49,103345.0,110242.0,106.67,51.61,7.72,24.33,67.83,0.12,67.95,0.11,53.59,60.43,99.09,6.53,36.42,42.43,23.56,Bangladesh Nationalist Party,Sardar Md. Sakhawat Hossain,163392.0,78744.0,60.37,250062.0,422835.0,,,BNP_COALITION,65.34059553230799,33.85080500035991,927.5571999999999,0.504116,0.10436001532424277,55.35,52.185
Natore-3,36.0,10.86,11.67,95137.5,95659.5,95.41,48.79,34.52,16.54,48.9,0.03,48.94,1.54,45.92,54.89,99.69,4.92,39.78,44.36,19.88,Bangladesh Nationalist Party,Md. Anwarul Islam,119768.0,66492.0,71.45,227108.0,324773.0,,,BNP_COALITION,52.736143156559876,23.458442679253924,715.68,1.6983840000000001,0.9321640810304452,53.16666666666666,44.36
Rajshahi-6,33.59,14.01,12.14,62248.75,62889.75,100.79,50.19,13.95,36.21,49.66,0.18,49.84,0.3,58.03,65.05,99.68,7.64,31.76,49.94,21.32,Bangladesh Nationalist Party,Md. Abu Sayeed Chand,148672.0,92965.0,70.89,243242.0,352876.0,,,BNP_COALITION,61.121023507453486,22.901883720739015,716.1388000000001,1.06578,0.26236426446749106,57.45666666666667,40.800000000000004
Dhaka-12,44.49,6.67,12.74,60522.33,43404.67,73.1,42.07,78.48,12.06,8.88,0.58,9.46,11.32,50.9,56.3,99.79,97.38,19.56,63.47,59.6,Revolutionary Workers Party of Bangladesh,Saiful Haque,30963.0,29869.0,37.09,119805.0,328828.0,,,BNP_COALITION,25.844497308125703,0.9131505362881348,2651.6040000000003,76.42382400000001,2.511223958105374,84.49,14.51
Tangail-5,35.21,14.87,13.38,1121228.0,1198022.5,105.08,51.23,13.5,8.02,78.4,0.09,78.49,0.18,56.34,65.63,99.29,20.68,33.39,47.84,33.33,Bangladesh Nationalist Party,Sultan Salauddin Tuku,131279.0,80283.0,63.22,284704.0,457173.0,71.83,28.17,BNP_COALITION,46.11069742609868,17.91193660784534,1173.5493,2.7918000000000003,0.16551443847757338,61.866666666666674,55.94
Joypurhat-1,32.94,14.06,12.51,115164.71,116914.0,103.81,50.91,16.2,22.12,61.61,0.07,61.68,0.58,65.78,59.98,99.29,18.79,31.08,55.39,28.29,Bangladesh Jamaat-e-Islami,Md. Fazlur Rahman Saeed,165192.0,155309.0,73.21,331949.0,462258.0,,,JAMAAT_REFORM,49.764271017535826,2.977264579799909,931.8725999999999,3.0439799999999995,0.4574248470388754,59.35333333333333,46.379999999999995
Mymensingh-5,36.14,16.59,13.59,222542.0,237839.0,106.87,51.66,5.37,10.62,83.79,0.22,84.01,0.06,57.85,60.73,99.61,11.41,35.42,46.59,30.84,Bangladesh Jamaat-e-Islami,Md. Matiur Rahman Akand,102228.0,7926.0,62.0,233330.0,384617.0,74.74,25.26,JAMAAT_REFORM,43.81262589465564,40.415720224574635,1114.5576,0.6127170000000001,0.058268908123975775,57.25,59.715
